user_id,username,action,resource,resource_sensitivity,status,time_classification,timestamp,risk_score,severity,anomaly_reasons,is_anomaly,user_dept,user_role,privilege,hire_date,days_inactive,is_active
USR00057,zainab.jo,export_data,File_Share,low,success,business_hours,2025-04-21 05:58:00,45,MEDIUM,High-risk action: export_data|Unapproved resource: File_Share,1,Sales,Architect,admin,2024-06-15,14,True
USR00079,varun.weber,sql_query,Customer_Vault,high,success,business_hours,2025-04-21 21:44:00,70,HIGH,Sensitive resource (high)|Unapproved resource: Customer_Vault|Account inactive 52 days,1,Engineering,Engineer,user,2025-02-10,52,True
USR00085,varun.rao,api_call,HRIS,high,success,night,2025-04-22 09:18:00,93,CRITICAL,Off-hours access (night)|Sensitive resource (high)|Unapproved resource: HRIS|Account inactive 44 days,1,Marketing,Developer,user,2022-07-24,44,True
USR00037,ronald.wilson,admin_operation,HRIS,high,success,business_hours,2025-04-22 15:52:00,65,HIGH,Sensitive resource (high)|High-risk action: admin_operation|Unapproved resource: HRIS,1,Finance,Coordinator,power-user,2024-03-06,25,True
USR00048,xiulan.colombo,export_data,GL_System,high,success,weekend,2025-04-23 06:57:00,90,CRITICAL,Sensitive resource (high)|High-risk action: export_data|Unapproved resource: GL_System|Account inactive 34 days,1,Compliance,Administrator,user,2023-10-28,34,True
USR00032,pooja.martin,admin_operation,Admin_Console,medium,success,night,2025-04-24 00:09:00,100,CRITICAL,Off-hours access (night)|Sensitive resource (medium)|High-risk action: admin_operation|Unapproved resource: Admin_Console|User privilege doing admin action,1,Support,Coordinator,user,2023-06-21,13,True
USR00015,sophia.white,login,HRIS,high,success,business_hours,2025-04-24 03:19:00,47,MEDIUM,Sensitive resource (high)|Unapproved resource: HRIS,1,Security,Developer,admin,2025-10-04,24,True
USR00017,diya.schulz,sql_query,BI_Tool,low,success,unusual_hours,2025-04-27 16:47:00,65,HIGH,Off-hours access (unusual_hours)|Unapproved resource: BI_Tool|Account inactive 46 days,1,Executive,Manager,power-user,2025-04-02,46,True
USR00036,nicholas.harris,admin_operation,Admin_Console,medium,success,business_hours,2025-04-28 06:43:00,100,CRITICAL,Sensitive resource (medium)|High-risk action: admin_operation|Unapproved resource: Admin_Console|User privilege doing admin action|Account inactive 40 days,1,Marketing,Analyst,user,2025-11-25,40,True
USR00010,jacob.patel,sql_query,HRIS,high,success,business_hours,2025-04-29 22:34:00,50,MEDIUM,Sensitive resource (high)|Unapproved resource: HRIS,1,Marketing,Architect,user,2025-09-20,1,True
USR00075,timothy.huang,login,PROD_DB,high,success,business_hours,2025-04-30 04:20:00,47,MEDIUM,Sensitive resource (high)|Unapproved resource: PROD_DB,1,Sales,Manager,user,2023-12-15,21,True
USR00068,robert.patel,api_call,PROD_DB,high,failure,business_hours,2025-04-30 05:05:00,23,LOW,Sensitive resource (high)|Access attempt FAILED,0,Support,Lead,admin,2024-10-25,7,True
USR00070,jeffrey.chen,admin_operation,Customer_Vault,high,success,unusual_hours,2025-04-30 10:13:00,85,CRITICAL,Off-hours access (unusual_hours)|Sensitive resource (high)|High-risk action: admin_operation|Unapproved resource: Customer_Vault,1,IT,Administrator,power-user,2024-02-02,19,True
USR00063,daniel.colombo,api_call,Admin_Console,medium,success,business_hours,2025-05-01 10:31:00,58,MEDIUM,Sensitive resource (medium)|Unapproved resource: Admin_Console|Account inactive 52 days,1,Sales,Specialist,power-user,2025-03-04,52,True
USR00011,maria.o'brien,sql_query,HRIS,high,success,unusual_hours,2025-05-03 23:20:00,70,HIGH,Off-hours access (unusual_hours)|Sensitive resource (high)|Unapproved resource: HRIS,1,Security,Administrator,user,2025-09-10,16,True
USR00022,harsh.patel,login,Admin_Console,medium,success,business_hours,2025-05-04 10:11:00,52,MEDIUM,Sensitive resource (medium)|Unapproved resource: Admin_Console|Account inactive 52 days,1,Legal,Specialist,user,2025-04-22,52,True
USR00057,zainab.jo,export_data,Customer_Vault,high,success,unusual_hours,2025-05-04 15:55:00,90,CRITICAL,Off-hours access (unusual_hours)|Sensitive resource (high)|High-risk action: export_data|Unapproved resource: Customer_Vault,1,Sales,Architect,admin,2024-06-15,14,True
USR00022,harsh.patel,sql_query,SIEM,medium,success,business_hours,2025-05-04 21:13:00,55,MEDIUM,Sensitive resource (medium)|Unapproved resource: SIEM|Account inactive 52 days,1,Legal,Specialist,user,2025-04-22,52,True
USR00006,kevin.ramirez,login,PROD_DB,high,success,business_hours,2025-05-05 15:36:00,67,HIGH,Sensitive resource (high)|Unapproved resource: PROD_DB|Account inactive 46 days,1,Legal,Architect,power-user,2024-05-08,46,True
USR00005,george.lim,api_call,Data_Lake,medium,success,business_hours,2025-05-06 12:13:00,58,MEDIUM,Sensitive resource (medium)|Unapproved resource: Data_Lake|Account inactive 57 days,1,Engineering,Administrator,user,2025-05-25,57,True
USR00010,jacob.patel,admin_operation,Admin_Console,medium,success,business_hours,2025-05-06 14:10:00,80,HIGH,Sensitive resource (medium)|High-risk action: admin_operation|Unapproved resource: Admin_Console|User privilege doing admin action,1,Marketing,Architect,user,2025-09-20,1,True
USR00097,leila.lopez,admin_operation,GL_System,high,success,unusual_hours,2025-05-06 20:40:00,100,CRITICAL,Off-hours access (unusual_hours)|Sensitive resource (high)|High-risk action: admin_operation|Unapproved resource: GL_System|User privilege doing admin action|Account inactive 43 days,1,IT,Executive,user,2025-01-27,43,True
USR00036,nicholas.harris,export_data,Email_Archive,medium,failure,business_hours,2025-05-07 14:27:00,90,CRITICAL,Sensitive resource (medium)|High-risk action: export_data|Unapproved resource: Email_Archive|Access attempt FAILED|Account inactive 40 days,1,Marketing,Analyst,user,2025-11-25,40,True
USR00048,xiulan.colombo,login,File_Share,low,failure,business_hours,2025-05-07 19:55:00,57,MEDIUM,Unapproved resource: File_Share|Access attempt FAILED|Account inactive 34 days,1,Compliance,Administrator,user,2023-10-28,34,True
USR00094,donald.schulz,api_call,Customer_Vault,high,success,business_hours,2025-05-07 22:31:00,53,MEDIUM,Sensitive resource (high)|Unapproved resource: Customer_Vault,1,Sales,Officer,user,2024-01-04,28,True
USR00022,harsh.patel,login,Data_Lake,medium,success,business_hours,2025-05-08 02:31:00,52,MEDIUM,Sensitive resource (medium)|Unapproved resource: Data_Lake|Account inactive 52 days,1,Legal,Specialist,user,2025-04-22,52,True
USR00018,meera.burke,login,Admin_Console,medium,success,business_hours,2025-05-09 01:36:00,52,MEDIUM,Sensitive resource (medium)|Unapproved resource: Admin_Console|Account inactive 59 days,1,Operations,Executive,power-user,2025-10-04,59,True
USR00076,stephen.guo,sql_query,GL_System,high,success,business_hours,2025-05-10 08:50:00,50,MEDIUM,Sensitive resource (high)|Unapproved resource: GL_System,1,Finance,Lead,user,2025-10-30,8,True
USR00030,yuki.meyer,admin_operation,GL_System,high,success,weekend,2025-05-10 14:12:00,65,HIGH,Sensitive resource (high)|High-risk action: admin_operation|Unapproved resource: GL_System,1,Marketing,Manager,service-account,2025-04-07,24,True
USR00061,sophia.hernandez,file_access,SIEM,medium,success,business_hours,2025-05-11 03:39:00,35,LOW,Sensitive resource (medium)|Account inactive 35 days,0,Support,Developer,user,2023-04-13,35,True
USR00018,meera.burke,export_data,BI_Tool,low,success,business_hours,2025-05-11 08:29:00,65,HIGH,High-risk action: export_data|Unapproved resource: BI_Tool|Account inactive 59 days,1,Operations,Executive,power-user,2025-10-04,59,True
USR00015,sophia.white,sql_query,SIEM,medium,success,business_hours,2025-05-11 10:30:00,0,LOW,Sensitive resource (medium),0,Security,Developer,admin,2025-10-04,24,True
USR00059,thomas.lewis,sql_query,Admin_Console,medium,success,business_hours,2025-05-12 07:58:00,55,MEDIUM,Sensitive resource (medium)|Unapproved resource: Admin_Console|Account inactive 58 days,1,Finance,Director,power-user,2024-08-12,58,True
USR00044,pooja.mishra,sql_query,HRIS,high,success,business_hours,2025-05-13 23:50:00,70,HIGH,Sensitive resource (high)|Unapproved resource: HRIS|Account inactive 59 days,1,Finance,Developer,admin,2023-11-18,59,True
USR00054,edward.smith,sql_query,HRIS,high,success,business_hours,2025-05-14 04:36:00,50,MEDIUM,Sensitive resource (high)|Unapproved resource: HRIS,1,Support,Specialist,user,2023-07-28,12,True
USR00034,harsh.jones,admin_operation,HRIS,high,failure,unusual_hours,2025-05-14 08:19:00,100,CRITICAL,Off-hours access (unusual_hours)|Sensitive resource (high)|High-risk action: admin_operation|Unapproved resource: HRIS|Access attempt FAILED|Account inactive 43 days,1,Operations,Specialist,service-account,2024-10-23,43,True
USR00040,nicholas.romano,sql_query,HRIS,high,success,business_hours,2025-05-14 08:50:00,70,HIGH,Sensitive resource (high)|Unapproved resource: HRIS|Account inactive 52 days,1,Security,Officer,power-user,2023-12-02,52,True
USR00053,timothy.jo,export_data,PROD_DB,high,success,business_hours,2025-05-14 13:52:00,50,MEDIUM,Sensitive resource (high)|High-risk action: export_data,1,Engineering,Engineer,user,2025-09-20,11,True
USR00044,pooja.mishra,sql_query,Customer_Vault,high,success,business_hours,2025-05-14 20:19:00,70,HIGH,Sensitive resource (high)|Unapproved resource: Customer_Vault|Account inactive 59 days,1,Finance,Developer,admin,2023-11-18,59,True
USR00015,sophia.white,login,GL_System,high,success,unusual_hours,2025-05-15 09:48:00,67,HIGH,Off-hours access (unusual_hours)|Sensitive resource (high)|Unapproved resource: GL_System,1,Security,Developer,admin,2025-10-04,24,True
USR00088,william.jang,login,Admin_Console,medium,success,unusual_hours,2025-05-15 10:47:00,72,HIGH,Off-hours access (unusual_hours)|Sensitive resource (medium)|Unapproved resource: Admin_Console|Account inactive 36 days,1,Engineering,Engineer,admin,2024-10-14,36,True
USR00043,matthew.bernard,sql_query,Customer_Vault,high,success,business_hours,2025-05-15 13:21:00,70,HIGH,Sensitive resource (high)|Unapproved resource: Customer_Vault|Account inactive 33 days,1,Operations,Coordinator,power-user,2024-11-02,33,True
USR00034,harsh.jones,sql_query,SIEM,medium,success,business_hours,2025-05-16 03:23:00,55,MEDIUM,Sensitive resource (medium)|Unapproved resource: SIEM|Account inactive 43 days,1,Operations,Specialist,service-account,2024-10-23,43,True
USR00099,maria.bianchi,admin_operation,PROD_DB,high,success,business_hours,2025-05-17 01:07:00,85,CRITICAL,Sensitive resource (high)|High-risk action: admin_operation|Unapproved resource: PROD_DB|Account inactive 40 days,1,Marketing,Officer,service-account,2025-10-01,40,True
USR00048,xiulan.colombo,api_call,HRIS,high,success,business_hours,2025-05-17 16:14:00,73,HIGH,Sensitive resource (high)|Unapproved resource: HRIS|Account inactive 34 days,1,Compliance,Administrator,user,2023-10-28,34,True
USR00056,william.kumar,sql_query,Admin_Console,medium,success,unusual_hours,2025-05-17 22:08:00,75,HIGH,Off-hours access (unusual_hours)|Sensitive resource (medium)|Unapproved resource: Admin_Console|Account inactive 58 days,1,Compliance,Manager,user,2023-09-13,58,True
USR00007,robert.smith,api_call,Data_Lake,medium,success,business_hours,2025-05-18 15:43:00,58,MEDIUM,Sensitive resource (medium)|Unapproved resource: Data_Lake|Account inactive 44 days,1,Operations,Lead,user,2025-05-25,44,True
USR00001,daniel.singh,api_call,Admin_Console,medium,success,business_hours,2025-05-19 11:41:00,38,LOW,Sensitive resource (medium)|Unapproved resource: Admin_Console,0,Compliance,Lead,user,2024-04-04,20,True
USR00049,thomas.kang,sql_query,PROD_DB,high,success,business_hours,2025-05-21 12:46:00,50,MEDIUM,Sensitive resource (high)|Unapproved resource: PROD_DB,1,Engineering,Administrator,user,2022-08-24,24,True
USR00002,kenneth.moore,api_call,File_Share,low,success,business_hours,2025-05-21 22:50:00,28,LOW,Unapproved resource: File_Share,0,Sales,Architect,service-account,2025-12-07,13,True
USR00010,jacob.patel,export_data,HRIS,high,success,business_hours,2025-05-22 12:30:00,70,HIGH,Sensitive resource (high)|High-risk action: export_data|Unapproved resource: HRIS,1,Marketing,Architect,user,2025-09-20,1,True
USR00016,elena.dubois,admin_operation,BI_Tool,low,success,business_hours,2025-05-22 16:23:00,90,CRITICAL,High-risk action: admin_operation|Unapproved resource: BI_Tool|User privilege doing admin action|Account inactive 32 days,1,IT,Specialist,user,2024-12-06,32,True
USR00077,neha.taylor,admin_operation,Customer_Vault,high,success,weekend,2025-05-23 01:19:00,65,HIGH,Sensitive resource (high)|High-risk action: admin_operation|Unapproved resource: Customer_Vault,1,Finance,Architect,power-user,2023-08-29,11,True
USR00078,christopher.menon,export_data,Customer_Vault,high,success,night,2025-05-24 18:49:00,90,CRITICAL,Off-hours access (night)|Sensitive resource (high)|High-risk action: export_data|Unapproved resource: Customer_Vault,1,Executive,Officer,service-account,2023-01-02,22,True
USR00019,joshua.white,login,BI_Tool,low,success,business_hours,2025-05-25 02:59:00,22,LOW,Unapproved resource: BI_Tool,0,Finance,Coordinator,user,2024-06-20,2,True
USR00008,thomas.iyer,login,Customer_Vault,high,failure,night,2025-05-25 12:53:00,100,CRITICAL,Off-hours access (night)|Sensitive resource (high)|Unapproved resource: Customer_Vault|Access attempt FAILED|Account inactive 57 days,1,Sales,Administrator,user,2022-04-27,57,True
USR00041,matthew.huang,export_data,Data_Lake,medium,success,night,2025-05-26 14:46:00,75,HIGH,Off-hours access (night)|Sensitive resource (medium)|High-risk action: export_data|Unapproved resource: Data_Lake,1,Operations,Lead,power-user,2025-10-08,7,True
USR00019,joshua.white,login,Data_Lake,medium,success,night,2025-05-26 19:23:00,52,MEDIUM,Off-hours access (night)|Sensitive resource (medium)|Unapproved resource: Data_Lake,1,Finance,Coordinator,user,2024-06-20,2,True
USR00074,mark.he,file_access,Data_Lake,medium,success,unusual_hours,2025-05-26 22:24:00,55,MEDIUM,Off-hours access (unusual_hours)|Sensitive resource (medium)|Unapproved resource: Data_Lake,1,Security,Officer,user,2022-03-26,0,True
USR00086,ryan.colombo,export_data,PROD_DB,high,success,business_hours,2025-05-27 00:43:00,90,CRITICAL,Sensitive resource (high)|High-risk action: export_data|Unapproved resource: PROD_DB|Account inactive 49 days,1,Engineering,Analyst,service-account,2024-11-18,49,True
USR00015,sophia.white,sql_query,Data_Lake,medium,success,business_hours,2025-05-27 03:41:00,35,LOW,Sensitive resource (medium)|Unapproved resource: Data_Lake,0,Security,Developer,admin,2025-10-04,24,True
USR00088,william.jang,api_call,GL_System,high,success,unusual_hours,2025-05-27 06:47:00,93,CRITICAL,Off-hours access (unusual_hours)|Sensitive resource (high)|Unapproved resource: GL_System|Account inactive 36 days,1,Engineering,Engineer,admin,2024-10-14,36,True
USR00087,aditya.taylor,export_data,Admin_Console,medium,success,business_hours,2025-05-27 10:42:00,55,MEDIUM,Sensitive resource (medium)|High-risk action: export_data|Unapproved resource: Admin_Console,1,Marketing,Manager,power-user,2023-04-29,28,True
USR00005,george.lim,admin_operation,Customer_Vault,high,success,unusual_hours,2025-05-30 15:03:00,100,CRITICAL,Off-hours access (unusual_hours)|Sensitive resource (high)|High-risk action: admin_operation|Unapproved resource: Customer_Vault|User privilege doing admin action|Account inactive 57 days,1,Engineering,Administrator,user,2025-05-25,57,True
USR00037,ronald.wilson,file_access,Data_Lake,medium,success,business_hours,2025-05-30 16:37:00,35,LOW,Sensitive resource (medium)|Unapproved resource: Data_Lake,0,Finance,Coordinator,power-user,2024-03-06,25,True
USR00087,aditya.taylor,export_data,BI_Tool,low,success,business_hours,2025-05-30 20:55:00,45,MEDIUM,High-risk action: export_data|Unapproved resource: BI_Tool,1,Marketing,Manager,power-user,2023-04-29,28,True
USR00055,neha.johnson,sql_query,SIEM,medium,success,business_hours,2025-05-31 05:39:00,55,MEDIUM,Sensitive resource (medium)|Unapproved resource: SIEM|Account inactive 49 days,1,Sales,Analyst,user,2025-05-20,49,True
USR00068,robert.patel,export_data,BI_Tool,low,success,business_hours,2025-05-31 13:38:00,45,MEDIUM,High-risk action: export_data|Unapproved resource: BI_Tool,1,Support,Lead,admin,2024-10-25,7,True
USR00046,deepika.li,sql_query,SIEM,medium,success,business_hours,2025-05-31 21:57:00,55,MEDIUM,Sensitive resource (medium)|Unapproved resource: SIEM|Account inactive 48 days,1,Support,Manager,user,2024-07-14,48,True
USR00040,nicholas.romano,api_call,Email_Archive,medium,success,night,2025-06-01 11:31:00,78,HIGH,Off-hours access (night)|Sensitive resource (medium)|Unapproved resource: Email_Archive|Account inactive 52 days,1,Security,Officer,power-user,2023-12-02,52,True
USR00060,vikram.gonzalez,login,PROD_DB,high,success,night,2025-06-01 13:43:00,67,HIGH,Off-hours access (night)|Sensitive resource (high)|Unapproved resource: PROD_DB,1,Sales,Developer,power-user,2022-06-14,4,True
USR00052,leila.sun,admin_operation,HRIS,high,success,night,2025-06-01 14:32:00,100,CRITICAL,Off-hours access (night)|Sensitive resource (high)|High-risk action: admin_operation|Unapproved resource: HRIS|User privilege doing admin action|Account inactive 53 days,1,Engineering,Administrator,user,2024-04-05,53,True
USR00063,daniel.colombo,admin_operation,File_Share,low,success,business_hours,2025-06-01 23:01:00,60,MEDIUM,High-risk action: admin_operation|Unapproved resource: File_Share|Account inactive 52 days,1,Sales,Specialist,power-user,2025-03-04,52,True
USR00062,nisha.jones,api_call,File_Share,low,success,business_hours,2025-06-03 06:40:00,48,MEDIUM,Unapproved resource: File_Share|Account inactive 36 days,1,Marketing,Coordinator,power-user,2023-10-20,36,True
USR00057,zainab.jo,sql_query,Email_Archive,medium,success,business_hours,2025-06-03 08:17:00,35,LOW,Sensitive resource (medium)|Unapproved resource: Email_Archive,0,Sales,Architect,admin,2024-06-15,14,True
USR00043,matthew.bernard,login,File_Share,low,success,unusual_hours,2025-06-04 17:37:00,62,MEDIUM,Off-hours access (unusual_hours)|Unapproved resource: File_Share|Account inactive 33 days,1,Operations,Coordinator,power-user,2024-11-02,33,True
USR00078,christopher.menon,api_call,BI_Tool,low,success,business_hours,2025-06-05 17:20:00,28,LOW,Unapproved resource: BI_Tool,0,Executive,Officer,service-account,2023-01-02,22,True
USR00077,neha.taylor,login,PROD_DB,high,success,business_hours,2025-06-05 17:43:00,27,LOW,Sensitive resource (high),0,Finance,Architect,power-user,2023-08-29,11,True
USR00062,nisha.jones,admin_operation,SIEM,medium,success,business_hours,2025-06-05 20:54:00,70,HIGH,Sensitive resource (medium)|High-risk action: admin_operation|Unapproved resource: SIEM|Account inactive 36 days,1,Marketing,Coordinator,power-user,2023-10-20,36,True
USR00007,robert.smith,admin_operation,Data_Lake,medium,success,night,2025-06-06 23:05:00,100,CRITICAL,Off-hours access (night)|Sensitive resource (medium)|High-risk action: admin_operation|Unapproved resource: Data_Lake|User privilege doing admin action|Account inactive 44 days,1,Operations,Lead,user,2025-05-25,44,True
USR00054,edward.smith,sql_query,File_Share,low,success,business_hours,2025-06-09 01:02:00,25,LOW,Unapproved resource: File_Share,0,Support,Specialist,user,2023-07-28,12,True
USR00091,steven.thompson,admin_operation,HRIS,high,success,weekend,2025-06-09 15:50:00,65,HIGH,Sensitive resource (high)|High-risk action: admin_operation|Unapproved resource: HRIS,1,Support,Lead,power-user,2023-02-06,26,True
USR00096,edward.thomas,export_data,HRIS,high,success,business_hours,2025-06-09 23:49:00,70,HIGH,Sensitive resource (high)|High-risk action: export_data|Unapproved resource: HRIS,1,Operations,Officer,service-account,2023-04-08,24,True
USR00023,isha.jones,admin_operation,PROD_DB,high,success,business_hours,2025-06-10 03:22:00,85,CRITICAL,Sensitive resource (high)|High-risk action: admin_operation|Unapproved resource: PROD_DB|Account inactive 55 days,1,Legal,Director,power-user,2024-03-25,55,True
USR00015,sophia.white,api_call,Email_Archive,medium,failure,business_hours,2025-06-10 11:27:00,53,MEDIUM,Sensitive resource (medium)|Unapproved resource: Email_Archive|Access attempt FAILED,1,Security,Developer,admin,2025-10-04,24,True
USR00006,kevin.ramirez,api_call,Email_Archive,medium,success,business_hours,2025-06-10 11:37:00,58,MEDIUM,Sensitive resource (medium)|Unapproved resource: Email_Archive|Account inactive 46 days,1,Legal,Architect,power-user,2024-05-08,46,True
USR00020,karan.white,api_call,Data_Lake,medium,success,unusual_hours,2025-06-11 06:41:00,58,MEDIUM,Off-hours access (unusual_hours)|Sensitive resource (medium)|Unapproved resource: Data_Lake,1,IT,Specialist,user,2023-12-14,25,True
USR00023,isha.jones,login,HRIS,high,success,business_hours,2025-06-11 12:03:00,67,HIGH,Sensitive resource (high)|Unapproved resource: HRIS|Account inactive 55 days,1,Legal,Director,power-user,2024-03-25,55,True
USR00005,george.lim,export_data,Admin_Console,medium,success,business_hours,2025-06-14 17:48:00,75,HIGH,Sensitive resource (medium)|High-risk action: export_data|Unapproved resource: Admin_Console|Account inactive 57 days,1,Engineering,Administrator,user,2025-05-25,57,True
USR00000,pooja.murphy,admin_operation,Customer_Vault,high,success,business_hours,2025-06-14 19:02:00,100,CRITICAL,Sensitive resource (high)|High-risk action: admin_operation|Unapproved resource: Customer_Vault|User privilege doing admin action|Account inactive 59 days,1,Executive,Developer,user,2024-12-21,59,True
USR00063,daniel.colombo,login,Admin_Console,medium,success,unusual_hours,2025-06-15 04:48:00,72,HIGH,Off-hours access (unusual_hours)|Sensitive resource (medium)|Unapproved resource: Admin_Console|Account inactive 52 days,1,Sales,Specialist,power-user,2025-03-04,52,True
USR00022,harsh.patel,export_data,SIEM,medium,success,business_hours,2025-06-15 07:38:00,75,HIGH,Sensitive resource (medium)|High-risk action: export_data|Unapproved resource: SIEM|Account inactive 52 days,1,Legal,Specialist,user,2025-04-22,52,True
USR00037,ronald.wilson,export_data,Email_Archive,medium,success,business_hours,2025-06-15 15:08:00,55,MEDIUM,Sensitive resource (medium)|High-risk action: export_data|Unapproved resource: Email_Archive,1,Finance,Coordinator,power-user,2024-03-06,25,True
USR00065,timothy.xu,file_access,Data_Lake,medium,success,business_hours,2025-06-16 04:37:00,35,LOW,Sensitive resource (medium)|Unapproved resource: Data_Lake,0,Marketing,Architect,user,2023-02-03,6,True
USR00004,diya.anderson,admin_operation,GL_System,high,success,night,2025-06-16 19:57:00,100,CRITICAL,Off-hours access (night)|Sensitive resource (high)|High-risk action: admin_operation|Unapproved resource: GL_System|User privilege doing admin action,1,Marketing,Administrator,user,2022-10-18,14,True
USR00035,nikhil.rao,login,Admin_Console,medium,success,unusual_hours,2025-06-17 06:53:00,72,HIGH,Off-hours access (unusual_hours)|Sensitive resource (medium)|Unapproved resource: Admin_Console|Account inactive 56 days,1,Executive,Lead,admin,2025-07-05,56,True
USR00039,stephen.bhat,export_data,Customer_Vault,high,success,business_hours,2025-06-17 23:05:00,70,HIGH,Sensitive resource (high)|High-risk action: export_data|Unapproved resource: Customer_Vault,1,Engineering,Engineer,user,2023-09-11,25,True
USR00092,charles.sullivan,export_data,Admin_Console,medium,success,weekend,2025-06-18 12:50:00,55,MEDIUM,Sensitive resource (medium)|High-risk action: export_data|Unapproved resource: Admin_Console,1,IT,Executive,user,2025-12-05,28,True
USR00012,vikram.white,admin_operation,Email_Archive,medium,success,business_hours,2025-06-18 23:17:00,50,MEDIUM,Sensitive resource (medium)|High-risk action: admin_operation|Unapproved resource: Email_Archive,1,Operations,Director,service-account,2024-12-04,25,True
USR00039,stephen.bhat,login,HRIS,high,success,business_hours,2025-06-20 00:50:00,47,MEDIUM,Sensitive resource (high)|Unapproved resource: HRIS,1,Engineering,Engineer,user,2023-09-11,25,True
USR00011,maria.o'brien,file_access,Email_Archive,medium,success,unusual_hours,2025-06-21 16:48:00,55,MEDIUM,Off-hours access (unusual_hours)|Sensitive resource (medium)|Unapproved resource: Email_Archive,1,Security,Administrator,user,2025-09-10,16,True
USR00031,amitabh.taylor,export_data,GL_System,high,success,business_hours,2025-06-23 16:02:00,70,HIGH,Sensitive resource (high)|High-risk action: export_data|Unapproved resource: GL_System,1,Finance,Director,power-user,2024-01-24,30,True
USR00044,pooja.mishra,api_call,Admin_Console,medium,success,unusual_hours,2025-06-23 22:29:00,78,HIGH,Off-hours access (unusual_hours)|Sensitive resource (medium)|Unapproved resource: Admin_Console|Account inactive 59 days,1,Finance,Developer,admin,2023-11-18,59,True
USR00001,daniel.singh,sql_query,HRIS,high,success,business_hours,2025-06-24 16:58:00,50,MEDIUM,Sensitive resource (high)|Unapproved resource: HRIS,1,Compliance,Lead,user,2024-04-04,20,True
USR00044,pooja.mishra,export_data,HRIS,high,success,business_hours,2025-06-24 18:34:00,90,CRITICAL,Sensitive resource (high)|High-risk action: export_data|Unapproved resource: HRIS|Account inactive 59 days,1,Finance,Developer,admin,2023-11-18,59,True
USR00073,joshua.becker,login,Data_Lake,medium,success,business_hours,2025-06-25 12:08:00,32,LOW,Sensitive resource (medium)|Unapproved resource: Data_Lake,0,Security,Engineer,user,2025-02-03,20,True
USR00075,timothy.huang,sql_query,PROD_DB,high,success,business_hours,2025-06-25 22:43:00,50,MEDIUM,Sensitive resource (high)|Unapproved resource: PROD_DB,1,Sales,Manager,user,2023-12-15,21,True
USR00000,pooja.murphy,export_data,Data_Lake,medium,success,night,2025-06-26 04:18:00,95,CRITICAL,Off-hours access (night)|Sensitive resource (medium)|High-risk action: export_data|Unapproved resource: Data_Lake|Account inactive 59 days,1,Executive,Developer,user,2024-12-21,59,True
USR00062,nisha.jones,api_call,Email_Archive,medium,success,business_hours,2025-06-26 05:43:00,58,MEDIUM,Sensitive resource (medium)|Unapproved resource: Email_Archive|Account inactive 36 days,1,Marketing,Coordinator,power-user,2023-10-20,36,True
USR00067,donald.wang,admin_operation,SIEM,medium,success,business_hours,2025-06-26 07:43:00,100,CRITICAL,Sensitive resource (medium)|High-risk action: admin_operation|Unapproved resource: SIEM|User privilege doing admin action|Account inactive 54 days,1,Marketing,Manager,user,2023-07-01,54,True
USR00059,thomas.lewis,file_access,PROD_DB,high,success,business_hours,2025-06-26 12:46:00,70,HIGH,Sensitive resource (high)|Unapproved resource: PROD_DB|Account inactive 58 days,1,Finance,Director,power-user,2024-08-12,58,True
USR00084,aditya.gupta,sql_query,Data_Lake,medium,success,unusual_hours,2025-06-26 23:14:00,75,HIGH,Off-hours access (unusual_hours)|Sensitive resource (medium)|Unapproved resource: Data_Lake|Account inactive 59 days,1,Engineering,Analyst,admin,2023-06-17,59,True
USR00003,sanjana.li,api_call,GL_System,high,failure,business_hours,2025-06-27 13:46:00,68,HIGH,Sensitive resource (high)|Unapproved resource: GL_System|Access attempt FAILED,1,Marketing,Director,user,2023-04-21,13,True
USR00049,thomas.kang,login,BI_Tool,low,success,weekend,2025-06-28 16:06:00,22,LOW,Unapproved resource: BI_Tool,0,Engineering,Administrator,user,2022-08-24,24,True
USR00044,pooja.mishra,api_call,PROD_DB,high,success,weekend,2025-06-29 14:32:00,73,HIGH,Sensitive resource (high)|Unapproved resource: PROD_DB|Account inactive 59 days,1,Finance,Developer,admin,2023-11-18,59,True
USR00010,jacob.patel,login,Email_Archive,medium,success,business_hours,2025-06-29 14:36:00,32,LOW,Sensitive resource (medium)|Unapproved resource: Email_Archive,0,Marketing,Architect,user,2025-09-20,1,True
USR00019,joshua.white,admin_operation,Customer_Vault,high,success,unusual_hours,2025-06-30 03:01:00,100,CRITICAL,Off-hours access (unusual_hours)|Sensitive resource (high)|High-risk action: admin_operation|Unapproved resource: Customer_Vault|User privilege doing admin action,1,Finance,Coordinator,user,2024-06-20,2,True
USR00033,michael.sharma,sql_query,Customer_Vault,high,success,unusual_hours,2025-06-30 13:50:00,70,HIGH,Off-hours access (unusual_hours)|Sensitive resource (high)|Unapproved resource: Customer_Vault,1,Legal,Officer,power-user,2023-06-10,26,True
USR00082,arjun.hwang,file_access,Customer_Vault,high,success,business_hours,2025-07-02 11:07:00,70,HIGH,Sensitive resource (high)|Unapproved resource: Customer_Vault|Account inactive 52 days,1,Legal,Manager,admin,2024-09-21,52,True
USR00009,aditya.burke,sql_query,PROD_DB,high,success,night,2025-07-03 03:05:00,70,HIGH,Off-hours access (night)|Sensitive resource (high)|Unapproved resource: PROD_DB,1,Finance,Architect,power-user,2024-02-27,23,True
USR00001,daniel.singh,sql_query,File_Share,low,success,night,2025-07-03 04:58:00,45,MEDIUM,Off-hours access (night)|Unapproved resource: File_Share,1,Compliance,Lead,user,2024-04-04,20,True
USR00039,stephen.bhat,sql_query,Email_Archive,medium,success,business_hours,2025-07-03 19:18:00,35,LOW,Sensitive resource (medium)|Unapproved resource: Email_Archive,0,Engineering,Engineer,user,2023-09-11,25,True
USR00028,paul.singh,api_call,Customer_Vault,high,success,unusual_hours,2025-07-04 03:37:00,73,HIGH,Off-hours access (unusual_hours)|Sensitive resource (high)|Unapproved resource: Customer_Vault,1,HR,Officer,admin,2023-11-27,28,True
USR00047,george.clark,export_data,Data_Lake,medium,success,business_hours,2025-07-05 03:24:00,75,HIGH,Sensitive resource (medium)|High-risk action: export_data|Unapproved resource: Data_Lake|Account inactive 55 days,1,Engineering,Lead,power-user,2024-04-12,55,True
USR00090,neha.o'brien,admin_operation,PROD_DB,high,success,business_hours,2025-07-07 20:34:00,40,MEDIUM,Sensitive resource (high)|High-risk action: admin_operation|Account inactive 57 days,1,Finance,Officer,admin,2024-07-03,57,True
USR00020,karan.white,admin_operation,Data_Lake,medium,success,weekend,2025-07-08 04:00:00,80,HIGH,Sensitive resource (medium)|High-risk action: admin_operation|Unapproved resource: Data_Lake|User privilege doing admin action,1,IT,Specialist,user,2023-12-14,25,True
USR00094,donald.schulz,login,Customer_Vault,high,success,business_hours,2025-07-08 04:38:00,47,MEDIUM,Sensitive resource (high)|Unapproved resource: Customer_Vault,1,Sales,Officer,user,2024-01-04,28,True
USR00069,nikhil.jang,file_access,HRIS,high,success,business_hours,2025-07-08 08:16:00,50,MEDIUM,Sensitive resource (high)|Unapproved resource: HRIS,1,HR,Analyst,user,2023-07-16,30,True
USR00008,thomas.iyer,api_call,GL_System,high,success,weekend,2025-07-09 08:43:00,73,HIGH,Sensitive resource (high)|Unapproved resource: GL_System|Account inactive 57 days,1,Sales,Administrator,user,2022-04-27,57,True
USR00002,kenneth.moore,sql_query,Email_Archive,medium,success,night,2025-07-09 23:39:00,55,MEDIUM,Off-hours access (night)|Sensitive resource (medium)|Unapproved resource: Email_Archive,1,Sales,Architect,service-account,2025-12-07,13,True
USR00083,ryan.thomas,export_data,GL_System,high,success,business_hours,2025-07-11 17:51:00,70,HIGH,Sensitive resource (high)|High-risk action: export_data|Unapproved resource: GL_System,1,Marketing,Executive,service-account,2025-02-21,17,True
USR00016,elena.dubois,login,Admin_Console,medium,success,business_hours,2025-07-13 02:18:00,52,MEDIUM,Sensitive resource (medium)|Unapproved resource: Admin_Console|Account inactive 32 days,1,IT,Specialist,user,2024-12-06,32,True
USR00007,robert.smith,api_call,Data_Lake,medium,success,business_hours,2025-07-13 17:24:00,58,MEDIUM,Sensitive resource (medium)|Unapproved resource: Data_Lake|Account inactive 44 days,1,Operations,Lead,user,2025-05-25,44,True
USR00004,diya.anderson,file_access,Customer_Vault,high,success,business_hours,2025-07-14 12:27:00,50,MEDIUM,Sensitive resource (high)|Unapproved resource: Customer_Vault,1,Marketing,Administrator,user,2022-10-18,14,True
USR00032,pooja.martin,export_data,HRIS,high,success,weekend,2025-07-17 09:03:00,70,HIGH,Sensitive resource (high)|High-risk action: export_data|Unapproved resource: HRIS,1,Support,Coordinator,user,2023-06-21,13,True
USR00024,nicholas.jackson,sql_query,Data_Lake,medium,success,business_hours,2025-07-19 06:23:00,55,MEDIUM,Sensitive resource (medium)|Unapproved resource: Data_Lake|Account inactive 31 days,1,Compliance,Lead,user,2023-11-01,31,True
USR00042,kenneth.sanchez,admin_operation,BI_Tool,low,success,night,2025-07-20 04:53:00,100,CRITICAL,Off-hours access (night)|High-risk action: admin_operation|Unapproved resource: BI_Tool|User privilege doing admin action|Account inactive 46 days,1,Support,Engineer,user,2023-12-06,46,True
USR00048,xiulan.colombo,admin_operation,Admin_Console,medium,success,business_hours,2025-07-20 17:58:00,100,CRITICAL,Sensitive resource (medium)|High-risk action: admin_operation|Unapproved resource: Admin_Console|User privilege doing admin action|Account inactive 34 days,1,Compliance,Administrator,user,2023-10-28,34,True
USR00095,priya.petit,api_call,BI_Tool,low,success,business_hours,2025-07-21 16:25:00,28,LOW,Unapproved resource: BI_Tool,0,HR,Architect,user,2023-04-28,20,True
USR00051,meera.quinn,sql_query,HRIS,high,success,business_hours,2025-07-24 13:57:00,50,MEDIUM,Sensitive resource (high)|Unapproved resource: HRIS,1,Executive,Developer,user,2025-01-26,30,True
USR00032,pooja.martin,api_call,BI_Tool,low,success,night,2025-07-24 15:43:00,48,MEDIUM,Off-hours access (night)|Unapproved resource: BI_Tool,1,Support,Coordinator,user,2023-06-21,13,True
USR00033,michael.sharma,admin_operation,Customer_Vault,high,success,business_hours,2025-07-25 02:13:00,65,HIGH,Sensitive resource (high)|High-risk action: admin_operation|Unapproved resource: Customer_Vault,1,Legal,Officer,power-user,2023-06-10,26,True
USR00019,joshua.white,sql_query,SIEM,medium,success,business_hours,2025-07-25 14:57:00,35,LOW,Sensitive resource (medium)|Unapproved resource: SIEM,0,Finance,Coordinator,user,2024-06-20,2,True
USR00048,xiulan.colombo,sql_query,File_Share,low,success,business_hours,2025-07-26 16:05:00,45,MEDIUM,Unapproved resource: File_Share|Account inactive 34 days,1,Compliance,Administrator,user,2023-10-28,34,True
USR00086,ryan.colombo,login,BI_Tool,low,success,business_hours,2025-07-27 09:55:00,42,MEDIUM,Unapproved resource: BI_Tool|Account inactive 49 days,1,Engineering,Analyst,service-account,2024-11-18,49,True
USR00000,pooja.murphy,sql_query,Data_Lake,medium,success,business_hours,2025-07-29 20:25:00,55,MEDIUM,Sensitive resource (medium)|Unapproved resource: Data_Lake|Account inactive 59 days,1,Executive,Developer,user,2024-12-21,59,True
USR00031,amitabh.taylor,admin_operation,BI_Tool,low,success,business_hours,2025-07-30 17:35:00,40,MEDIUM,High-risk action: admin_operation|Unapproved resource: BI_Tool,1,Finance,Director,power-user,2024-01-24,30,True
USR00005,george.lim,admin_operation,GL_System,high,success,business_hours,2025-07-31 15:47:00,100,CRITICAL,Sensitive resource (high)|High-risk action: admin_operation|Unapproved resource: GL_System|User privilege doing admin action|Account inactive 57 days,1,Engineering,Administrator,user,2025-05-25,57,True
USR00057,zainab.jo,export_data,PROD_DB,high,success,business_hours,2025-07-31 22:33:00,70,HIGH,Sensitive resource (high)|High-risk action: export_data|Unapproved resource: PROD_DB,1,Sales,Architect,admin,2024-06-15,14,True
USR00077,neha.taylor,api_call,HRIS,high,success,business_hours,2025-08-01 00:11:00,53,MEDIUM,Sensitive resource (high)|Unapproved resource: HRIS,1,Finance,Architect,power-user,2023-08-29,11,True
USR00002,kenneth.moore,api_call,PROD_DB,high,success,night,2025-08-01 02:20:00,53,MEDIUM,Off-hours access (night)|Sensitive resource (high),1,Sales,Architect,service-account,2025-12-07,13,True
USR00001,daniel.singh,sql_query,SIEM,medium,success,business_hours,2025-08-01 19:05:00,35,LOW,Sensitive resource (medium)|Unapproved resource: SIEM,0,Compliance,Lead,user,2024-04-04,20,True
USR00001,daniel.singh,sql_query,File_Share,low,success,weekend,2025-08-01 23:48:00,25,LOW,Unapproved resource: File_Share,0,Compliance,Lead,user,2024-04-04,20,True
USR00039,stephen.bhat,export_data,SIEM,medium,success,business_hours,2025-08-03 19:03:00,55,MEDIUM,Sensitive resource (medium)|High-risk action: export_data|Unapproved resource: SIEM,1,Engineering,Engineer,user,2023-09-11,25,True
USR00063,daniel.colombo,export_data,Admin_Console,medium,success,unusual_hours,2025-08-03 22:40:00,95,CRITICAL,Off-hours access (unusual_hours)|Sensitive resource (medium)|High-risk action: export_data|Unapproved resource: Admin_Console|Account inactive 52 days,1,Sales,Specialist,power-user,2025-03-04,52,True
USR00053,timothy.jo,admin_operation,Customer_Vault,high,success,unusual_hours,2025-08-04 10:22:00,100,CRITICAL,Off-hours access (unusual_hours)|Sensitive resource (high)|High-risk action: admin_operation|Unapproved resource: Customer_Vault|User privilege doing admin action,1,Engineering,Engineer,user,2025-09-20,11,True
USR00077,neha.taylor,login,Email_Archive,medium,success,business_hours,2025-08-04 15:13:00,32,LOW,Sensitive resource (medium)|Unapproved resource: Email_Archive,0,Finance,Architect,power-user,2023-08-29,11,True
USR00023,isha.jones,api_call,HRIS,high,success,unusual_hours,2025-08-04 17:36:00,93,CRITICAL,Off-hours access (unusual_hours)|Sensitive resource (high)|Unapproved resource: HRIS|Account inactive 55 days,1,Legal,Director,power-user,2024-03-25,55,True
USR00040,nicholas.romano,file_access,GL_System,high,success,business_hours,2025-08-06 20:55:00,70,HIGH,Sensitive resource (high)|Unapproved resource: GL_System|Account inactive 52 days,1,Security,Officer,power-user,2023-12-02,52,True
USR00000,pooja.murphy,file_access,Email_Archive,medium,success,business_hours,2025-08-07 07:07:00,55,MEDIUM,Sensitive resource (medium)|Unapproved resource: Email_Archive|Account inactive 59 days,1,Executive,Developer,user,2024-12-21,59,True
USR00048,xiulan.colombo,login,GL_System,high,success,night,2025-08-07 10:30:00,87,CRITICAL,Off-hours access (night)|Sensitive resource (high)|Unapproved resource: GL_System|Account inactive 34 days,1,Compliance,Administrator,user,2023-10-28,34,True
USR00027,pooja.sullivan,login,HRIS,high,success,unusual_hours,2025-08-07 14:29:00,87,CRITICAL,Off-hours access (unusual_hours)|Sensitive resource (high)|Unapproved resource: HRIS|Account inactive 34 days,1,Support,Lead,admin,2024-02-21,34,True
USR00070,jeffrey.chen,export_data,Email_Archive,medium,success,business_hours,2025-08-07 14:34:00,55,MEDIUM,Sensitive resource (medium)|High-risk action: export_data|Unapproved resource: Email_Archive,1,IT,Administrator,power-user,2024-02-02,19,True
USR00074,mark.he,admin_operation,Customer_Vault,high,success,night,2025-08-08 10:58:00,100,CRITICAL,Off-hours access (night)|Sensitive resource (high)|High-risk action: admin_operation|Unapproved resource: Customer_Vault|User privilege doing admin action,1,Security,Officer,user,2022-03-26,0,True
USR00093,nadia.muller,login,Customer_Vault,high,success,business_hours,2025-08-09 05:40:00,67,HIGH,Sensitive resource (high)|Unapproved resource: Customer_Vault|Account inactive 46 days,1,Sales,Director,user,2024-02-07,46,True
USR00098,jason.white,api_call,BI_Tool,low,success,business_hours,2025-08-09 06:00:00,48,MEDIUM,Unapproved resource: BI_Tool|Account inactive 52 days,1,Compliance,Lead,power-user,2023-04-03,52,True
USR00076,stephen.guo,admin_operation,BI_Tool,low,success,business_hours,2025-08-09 08:42:00,70,HIGH,High-risk action: admin_operation|Unapproved resource: BI_Tool|User privilege doing admin action,1,Finance,Lead,user,2025-10-30,8,True
USR00054,edward.smith,api_call,BI_Tool,low,success,weekend,2025-08-09 16:28:00,28,LOW,Unapproved resource: BI_Tool,0,Support,Specialist,user,2023-07-28,12,True
USR00003,sanjana.li,file_access,PROD_DB,high,success,business_hours,2025-08-09 17:51:00,50,MEDIUM,Sensitive resource (high)|Unapproved resource: PROD_DB,1,Marketing,Director,user,2023-04-21,13,True
USR00003,sanjana.li,export_data,Customer_Vault,high,success,night,2025-08-09 18:00:00,90,CRITICAL,Off-hours access (night)|Sensitive resource (high)|High-risk action: export_data|Unapproved resource: Customer_Vault,1,Marketing,Director,user,2023-04-21,13,True
USR00042,kenneth.sanchez,api_call,Customer_Vault,high,success,unusual_hours,2025-08-10 05:42:00,93,CRITICAL,Off-hours access (unusual_hours)|Sensitive resource (high)|Unapproved resource: Customer_Vault|Account inactive 46 days,1,Support,Engineer,user,2023-12-06,46,True
USR00034,harsh.jones,api_call,Email_Archive,medium,success,night,2025-08-10 08:43:00,78,HIGH,Off-hours access (night)|Sensitive resource (medium)|Unapproved resource: Email_Archive|Account inactive 43 days,1,Operations,Specialist,service-account,2024-10-23,43,True
USR00057,zainab.jo,login,Admin_Console,medium,success,business_hours,2025-08-10 13:29:00,32,LOW,Sensitive resource (medium)|Unapproved resource: Admin_Console,0,Sales,Architect,admin,2024-06-15,14,True
USR00075,timothy.huang,export_data,GL_System,high,success,night,2025-08-10 13:34:00,90,CRITICAL,Off-hours access (night)|Sensitive resource (high)|High-risk action: export_data|Unapproved resource: GL_System,1,Sales,Manager,user,2023-12-15,21,True
USR00092,charles.sullivan,login,GL_System,high,success,business_hours,2025-08-10 20:47:00,47,MEDIUM,Sensitive resource (high)|Unapproved resource: GL_System,1,IT,Executive,user,2025-12-05,28,True
USR00040,nicholas.romano,login,HRIS,high,success,weekend,2025-08-11 19:10:00,67,HIGH,Sensitive resource (high)|Unapproved resource: HRIS|Account inactive 52 days,1,Security,Officer,power-user,2023-12-02,52,True
USR00080,david.rodriguez,admin_operation,Customer_Vault,high,success,business_hours,2025-08-13 00:03:00,85,CRITICAL,Sensitive resource (high)|High-risk action: admin_operation|Unapproved resource: Customer_Vault|Account inactive 43 days,1,HR,Developer,service-account,2023-04-22,43,True
USR00048,xiulan.colombo,file_access,BI_Tool,low,success,unusual_hours,2025-08-13 15:12:00,65,HIGH,Off-hours access (unusual_hours)|Unapproved resource: BI_Tool|Account inactive 34 days,1,Compliance,Administrator,user,2023-10-28,34,True
USR00005,george.lim,export_data,Admin_Console,medium,success,business_hours,2025-08-17 10:48:00,75,HIGH,Sensitive resource (medium)|High-risk action: export_data|Unapproved resource: Admin_Console|Account inactive 57 days,1,Engineering,Administrator,user,2025-05-25,57,True
USR00024,nicholas.jackson,export_data,Data_Lake,medium,success,business_hours,2025-08-17 23:26:00,75,HIGH,Sensitive resource (medium)|High-risk action: export_data|Unapproved resource: Data_Lake|Account inactive 31 days,1,Compliance,Lead,user,2023-11-01,31,True
USR00076,stephen.guo,file_access,File_Share,low,success,business_hours,2025-08-18 04:08:00,25,LOW,Unapproved resource: File_Share,0,Finance,Lead,user,2025-10-30,8,True
USR00098,jason.white,sql_query,BI_Tool,low,success,unusual_hours,2025-08-20 09:20:00,65,HIGH,Off-hours access (unusual_hours)|Unapproved resource: BI_Tool|Account inactive 52 days,1,Compliance,Lead,power-user,2023-04-03,52,True
USR00095,priya.petit,file_access,SIEM,medium,success,business_hours,2025-08-20 11:01:00,35,LOW,Sensitive resource (medium)|Unapproved resource: SIEM,0,HR,Architect,user,2023-04-28,20,True
USR00065,timothy.xu,admin_operation,Email_Archive,medium,failure,business_hours,2025-08-21 03:02:00,95,CRITICAL,Sensitive resource (medium)|High-risk action: admin_operation|Unapproved resource: Email_Archive|User privilege doing admin action|Access attempt FAILED,1,Marketing,Architect,user,2023-02-03,6,True
USR00026,stephen.bhat,export_data,GL_System,high,success,unusual_hours,2025-08-22 05:49:00,100,CRITICAL,Off-hours access (unusual_hours)|Sensitive resource (high)|High-risk action: export_data|Unapproved resource: GL_System|Account inactive 33 days,1,Finance,Director,user,2022-12-14,33,True
USR00095,priya.petit,api_call,PROD_DB,high,failure,business_hours,2025-08-22 09:01:00,68,HIGH,Sensitive resource (high)|Unapproved resource: PROD_DB|Access attempt FAILED,1,HR,Architect,user,2023-04-28,20,True
USR00092,charles.sullivan,api_call,BI_Tool,low,success,unusual_hours,2025-08-22 20:22:00,48,MEDIUM,Off-hours access (unusual_hours)|Unapproved resource: BI_Tool,1,IT,Executive,user,2025-12-05,28,True
USR00061,sophia.hernandez,file_access,Customer_Vault,high,success,business_hours,2025-08-23 15:36:00,70,HIGH,Sensitive resource (high)|Unapproved resource: Customer_Vault|Account inactive 35 days,1,Support,Developer,user,2023-04-13,35,True
USR00092,charles.sullivan,file_access,File_Share,low,success,unusual_hours,2025-08-24 06:48:00,45,MEDIUM,Off-hours access (unusual_hours)|Unapproved resource: File_Share,1,IT,Executive,user,2025-12-05,28,True
USR00016,elena.dubois,sql_query,BI_Tool,low,success,weekend,2025-08-25 05:47:00,45,MEDIUM,Unapproved resource: BI_Tool|Account inactive 32 days,1,IT,Specialist,user,2024-12-06,32,True
USR00078,christopher.menon,file_access,SIEM,medium,success,business_hours,2025-08-25 16:44:00,35,LOW,Sensitive resource (medium)|Unapproved resource: SIEM,0,Executive,Officer,service-account,2023-01-02,22,True
USR00000,pooja.murphy,export_data,GL_System,high,success,weekend,2025-08-26 22:18:00,90,CRITICAL,Sensitive resource (high)|High-risk action: export_data|Unapproved resource: GL_System|Account inactive 59 days,1,Executive,Developer,user,2024-12-21,59,True
USR00051,meera.quinn,export_data,Email_Archive,medium,success,business_hours,2025-08-27 01:33:00,55,MEDIUM,Sensitive resource (medium)|High-risk action: export_data|Unapproved resource: Email_Archive,1,Executive,Developer,user,2025-01-26,30,True
USR00085,varun.rao,admin_operation,PROD_DB,high,success,business_hours,2025-08-27 16:02:00,100,CRITICAL,Sensitive resource (high)|High-risk action: admin_operation|Unapproved resource: PROD_DB|User privilege doing admin action|Account inactive 44 days,1,Marketing,Developer,user,2022-07-24,44,True
USR00040,nicholas.romano,admin_operation,Customer_Vault,high,success,night,2025-08-27 18:09:00,100,CRITICAL,Off-hours access (night)|Sensitive resource (high)|High-risk action: admin_operation|Unapproved resource: Customer_Vault|Account inactive 52 days,1,Security,Officer,power-user,2023-12-02,52,True
USR00073,joshua.becker,login,PROD_DB,high,success,weekend,2025-08-27 19:36:00,47,MEDIUM,Sensitive resource (high)|Unapproved resource: PROD_DB,1,Security,Engineer,user,2025-02-03,20,True
USR00098,jason.white,api_call,Customer_Vault,high,success,business_hours,2025-08-27 20:44:00,73,HIGH,Sensitive resource (high)|Unapproved resource: Customer_Vault|Account inactive 52 days,1,Compliance,Lead,power-user,2023-04-03,52,True
USR00035,nikhil.rao,sql_query,GL_System,high,success,business_hours,2025-08-28 19:17:00,70,HIGH,Sensitive resource (high)|Unapproved resource: GL_System|Account inactive 56 days,1,Executive,Lead,admin,2025-07-05,56,True
USR00050,nisha.martinez,api_call,File_Share,low,success,unusual_hours,2025-08-29 15:54:00,48,MEDIUM,Off-hours access (unusual_hours)|Unapproved resource: File_Share,1,HR,Architect,user,2024-02-19,25,True
USR00031,amitabh.taylor,login,HRIS,high,failure,night,2025-08-29 16:39:00,82,HIGH,Off-hours access (night)|Sensitive resource (high)|Unapproved resource: HRIS|Access attempt FAILED,1,Finance,Director,power-user,2024-01-24,30,True
USR00042,kenneth.sanchez,file_access,Admin_Console,medium,success,business_hours,2025-08-29 17:19:00,55,MEDIUM,Sensitive resource (medium)|Unapproved resource: Admin_Console|Account inactive 46 days,1,Support,Engineer,user,2023-12-06,46,True
USR00028,paul.singh,api_call,Admin_Console,medium,success,business_hours,2025-08-29 19:00:00,38,LOW,Sensitive resource (medium)|Unapproved resource: Admin_Console,0,HR,Officer,admin,2023-11-27,28,True
USR00016,elena.dubois,export_data,BI_Tool,low,success,weekend,2025-08-30 00:59:00,65,HIGH,High-risk action: export_data|Unapproved resource: BI_Tool|Account inactive 32 days,1,IT,Specialist,user,2024-12-06,32,True
USR00077,neha.taylor,file_access,BI_Tool,low,success,business_hours,2025-08-30 02:41:00,25,LOW,Unapproved resource: BI_Tool,0,Finance,Architect,power-user,2023-08-29,11,True
USR00072,amitabh.park,sql_query,Email_Archive,medium,success,business_hours,2025-08-31 01:36:00,55,MEDIUM,Sensitive resource (medium)|Unapproved resource: Email_Archive|Account inactive 44 days,1,Legal,Analyst,user,2025-12-13,44,True
USR00068,robert.patel,admin_operation,Email_Archive,medium,success,business_hours,2025-08-31 22:07:00,50,MEDIUM,Sensitive resource (medium)|High-risk action: admin_operation|Unapproved resource: Email_Archive,1,Support,Lead,admin,2024-10-25,7,True
USR00078,christopher.menon,sql_query,Data_Lake,medium,success,business_hours,2025-09-04 00:54:00,35,LOW,Sensitive resource (medium)|Unapproved resource: Data_Lake,0,Executive,Officer,service-account,2023-01-02,22,True
USR00069,nikhil.jang,file_access,HRIS,high,success,business_hours,2025-09-05 21:09:00,50,MEDIUM,Sensitive resource (high)|Unapproved resource: HRIS,1,HR,Analyst,user,2023-07-16,30,True
USR00034,harsh.jones,sql_query,Data_Lake,medium,success,business_hours,2025-09-06 20:32:00,55,MEDIUM,Sensitive resource (medium)|Unapproved resource: Data_Lake|Account inactive 43 days,1,Operations,Specialist,service-account,2024-10-23,43,True
USR00044,pooja.mishra,export_data,BI_Tool,low,success,unusual_hours,2025-09-07 12:12:00,85,CRITICAL,Off-hours access (unusual_hours)|High-risk action: export_data|Unapproved resource: BI_Tool|Account inactive 59 days,1,Finance,Developer,admin,2023-11-18,59,True
USR00035,nikhil.rao,export_data,GL_System,high,success,unusual_hours,2025-09-07 18:51:00,100,CRITICAL,Off-hours access (unusual_hours)|Sensitive resource (high)|High-risk action: export_data|Unapproved resource: GL_System|Account inactive 56 days,1,Executive,Lead,admin,2025-07-05,56,True
USR00077,neha.taylor,sql_query,PROD_DB,high,failure,business_hours,2025-09-08 09:41:00,45,MEDIUM,Sensitive resource (high)|Access attempt FAILED,1,Finance,Architect,power-user,2023-08-29,11,True
USR00009,aditya.burke,login,BI_Tool,low,success,night,2025-09-09 17:57:00,42,MEDIUM,Off-hours access (night)|Unapproved resource: BI_Tool,1,Finance,Architect,power-user,2024-02-27,23,True
USR00091,steven.thompson,api_call,File_Share,low,success,unusual_hours,2025-09-09 20:32:00,48,MEDIUM,Off-hours access (unusual_hours)|Unapproved resource: File_Share,1,Support,Lead,power-user,2023-02-06,26,True
USR00061,sophia.hernandez,export_data,Admin_Console,medium,success,unusual_hours,2025-09-09 20:37:00,95,CRITICAL,Off-hours access (unusual_hours)|Sensitive resource (medium)|High-risk action: export_data|Unapproved resource: Admin_Console|Account inactive 35 days,1,Support,Developer,user,2023-04-13,35,True
USR00019,joshua.white,file_access,Admin_Console,medium,success,business_hours,2025-09-11 02:47:00,35,LOW,Sensitive resource (medium)|Unapproved resource: Admin_Console,0,Finance,Coordinator,user,2024-06-20,2,True
USR00024,nicholas.jackson,file_access,HRIS,high,success,night,2025-09-11 12:26:00,90,CRITICAL,Off-hours access (night)|Sensitive resource (high)|Unapproved resource: HRIS|Account inactive 31 days,1,Compliance,Lead,user,2023-11-01,31,True
USR00086,ryan.colombo,export_data,PROD_DB,high,success,business_hours,2025-09-12 18:12:00,90,CRITICAL,Sensitive resource (high)|High-risk action: export_data|Unapproved resource: PROD_DB|Account inactive 49 days,1,Engineering,Analyst,service-account,2024-11-18,49,True
USR00012,vikram.white,sql_query,Email_Archive,medium,success,business_hours,2025-09-13 11:30:00,35,LOW,Sensitive resource (medium)|Unapproved resource: Email_Archive,0,Operations,Director,service-account,2024-12-04,25,True
USR00033,michael.sharma,sql_query,SIEM,medium,success,business_hours,2025-09-14 02:48:00,35,LOW,Sensitive resource (medium)|Unapproved resource: SIEM,0,Legal,Officer,power-user,2023-06-10,26,True
USR00049,thomas.kang,export_data,Email_Archive,medium,success,business_hours,2025-09-14 06:27:00,55,MEDIUM,Sensitive resource (medium)|High-risk action: export_data|Unapproved resource: Email_Archive,1,Engineering,Administrator,user,2022-08-24,24,True
USR00080,david.rodriguez,api_call,BI_Tool,low,success,business_hours,2025-09-14 17:46:00,48,MEDIUM,Unapproved resource: BI_Tool|Account inactive 43 days,1,HR,Developer,service-account,2023-04-22,43,True
USR00049,thomas.kang,file_access,GL_System,high,success,business_hours,2025-09-15 08:19:00,50,MEDIUM,Sensitive resource (high)|Unapproved resource: GL_System,1,Engineering,Administrator,user,2022-08-24,24,True
USR00069,nikhil.jang,login,BI_Tool,low,failure,business_hours,2025-09-16 02:19:00,37,LOW,Unapproved resource: BI_Tool|Access attempt FAILED,0,HR,Analyst,user,2023-07-16,30,True
USR00059,thomas.lewis,sql_query,Email_Archive,medium,success,business_hours,2025-09-17 02:06:00,55,MEDIUM,Sensitive resource (medium)|Unapproved resource: Email_Archive|Account inactive 58 days,1,Finance,Director,power-user,2024-08-12,58,True
USR00020,karan.white,sql_query,File_Share,low,failure,business_hours,2025-09-17 09:18:00,40,MEDIUM,Unapproved resource: File_Share|Access attempt FAILED,1,IT,Specialist,user,2023-12-14,25,True
USR00047,george.clark,export_data,SIEM,medium,success,business_hours,2025-09-17 09:42:00,75,HIGH,Sensitive resource (medium)|High-risk action: export_data|Unapproved resource: SIEM|Account inactive 55 days,1,Engineering,Lead,power-user,2024-04-12,55,True
USR00096,edward.thomas,api_call,Admin_Console,medium,success,weekend,2025-09-17 12:56:00,38,LOW,Sensitive resource (medium)|Unapproved resource: Admin_Console,0,Operations,Officer,service-account,2023-04-08,24,True
USR00058,anthony.taylor,api_call,GL_System,high,success,business_hours,2025-09-17 13:47:00,73,HIGH,Sensitive resource (high)|Unapproved resource: GL_System|Account inactive 51 days,1,Finance,Administrator,user,2024-07-06,51,True
USR00065,timothy.xu,api_call,File_Share,low,success,business_hours,2025-09-17 21:16:00,28,LOW,Unapproved resource: File_Share,0,Marketing,Architect,user,2023-02-03,6,True
USR00098,jason.white,login,GL_System,high,success,business_hours,2025-09-18 03:23:00,67,HIGH,Sensitive resource (high)|Unapproved resource: GL_System|Account inactive 52 days,1,Compliance,Lead,power-user,2023-04-03,52,True
USR00043,matthew.bernard,login,HRIS,high,success,business_hours,2025-09-18 23:40:00,67,HIGH,Sensitive resource (high)|Unapproved resource: HRIS|Account inactive 33 days,1,Operations,Coordinator,power-user,2024-11-02,33,True
USR00002,kenneth.moore,sql_query,Data_Lake,medium,success,business_hours,2025-09-19 11:28:00,35,LOW,Sensitive resource (medium)|Unapproved resource: Data_Lake,0,Sales,Architect,service-account,2025-12-07,13,True
USR00017,diya.schulz,login,File_Share,low,success,business_hours,2025-09-21 11:02:00,42,MEDIUM,Unapproved resource: File_Share|Account inactive 46 days,1,Executive,Manager,power-user,2025-04-02,46,True
USR00025,diya.romano,file_access,Admin_Console,medium,success,business_hours,2025-09-22 07:30:00,35,LOW,Sensitive resource (medium)|Unapproved resource: Admin_Console,0,Marketing,Coordinator,power-user,2022-06-12,13,True
USR00060,vikram.gonzalez,file_access,HRIS,high,success,business_hours,2025-09-22 08:16:00,50,MEDIUM,Sensitive resource (high)|Unapproved resource: HRIS,1,Sales,Developer,power-user,2022-06-14,4,True
USR00023,isha.jones,login,SIEM,medium,success,business_hours,2025-09-22 17:06:00,32,LOW,Sensitive resource (medium)|Account inactive 55 days,0,Legal,Director,power-user,2024-03-25,55,True
USR00020,karan.white,login,Email_Archive,medium,success,unusual_hours,2025-09-22 23:27:00,52,MEDIUM,Off-hours access (unusual_hours)|Sensitive resource (medium)|Unapproved resource: Email_Archive,1,IT,Specialist,user,2023-12-14,25,True
USR00030,yuki.meyer,login,SIEM,medium,success,business_hours,2025-09-23 19:17:00,32,LOW,Sensitive resource (medium)|Unapproved resource: SIEM,0,Marketing,Manager,service-account,2025-04-07,24,True
USR00030,yuki.meyer,file_access,HRIS,high,success,business_hours,2025-09-23 23:36:00,50,MEDIUM,Sensitive resource (high)|Unapproved resource: HRIS,1,Marketing,Manager,service-account,2025-04-07,24,True
USR00055,neha.johnson,admin_operation,GL_System,high,success,business_hours,2025-09-24 01:23:00,100,CRITICAL,Sensitive resource (high)|High-risk action: admin_operation|Unapproved resource: GL_System|User privilege doing admin action|Account inactive 49 days,1,Sales,Analyst,user,2025-05-20,49,True
USR00062,nisha.jones,file_access,SIEM,medium,success,business_hours,2025-09-24 15:49:00,55,MEDIUM,Sensitive resource (medium)|Unapproved resource: SIEM|Account inactive 36 days,1,Marketing,Coordinator,power-user,2023-10-20,36,True
USR00023,isha.jones,api_call,SIEM,medium,success,business_hours,2025-09-26 11:08:00,38,LOW,Sensitive resource (medium)|Account inactive 55 days,0,Legal,Director,power-user,2024-03-25,55,True
USR00006,kevin.ramirez,sql_query,HRIS,high,success,weekend,2025-09-26 11:25:00,70,HIGH,Sensitive resource (high)|Unapproved resource: HRIS|Account inactive 46 days,1,Legal,Architect,power-user,2024-05-08,46,True
USR00080,david.rodriguez,export_data,BI_Tool,low,success,business_hours,2025-09-26 18:29:00,65,HIGH,High-risk action: export_data|Unapproved resource: BI_Tool|Account inactive 43 days,1,HR,Developer,service-account,2023-04-22,43,True
USR00071,richard.johnson,export_data,BI_Tool,low,success,business_hours,2025-09-27 02:08:00,45,MEDIUM,High-risk action: export_data|Unapproved resource: BI_Tool,1,HR,Administrator,user,2022-03-25,23,True
USR00062,nisha.jones,export_data,SIEM,medium,success,business_hours,2025-09-27 12:06:00,75,HIGH,Sensitive resource (medium)|High-risk action: export_data|Unapproved resource: SIEM|Account inactive 36 days,1,Marketing,Coordinator,power-user,2023-10-20,36,True
USR00005,george.lim,file_access,PROD_DB,high,success,business_hours,2025-09-28 07:07:00,70,HIGH,Sensitive resource (high)|Unapproved resource: PROD_DB|Account inactive 57 days,1,Engineering,Administrator,user,2025-05-25,57,True
USR00049,thomas.kang,admin_operation,HRIS,high,success,business_hours,2025-09-29 01:28:00,95,CRITICAL,Sensitive resource (high)|High-risk action: admin_operation|Unapproved resource: HRIS|User privilege doing admin action,1,Engineering,Administrator,user,2022-08-24,24,True
USR00078,christopher.menon,file_access,File_Share,low,success,business_hours,2025-10-01 02:48:00,25,LOW,Unapproved resource: File_Share,0,Executive,Officer,service-account,2023-01-02,22,True
USR00074,mark.he,sql_query,BI_Tool,low,failure,business_hours,2025-10-01 09:42:00,40,MEDIUM,Unapproved resource: BI_Tool|Access attempt FAILED,1,Security,Officer,user,2022-03-26,0,True
USR00083,ryan.thomas,export_data,HRIS,high,success,business_hours,2025-10-01 23:30:00,70,HIGH,Sensitive resource (high)|High-risk action: export_data|Unapproved resource: HRIS,1,Marketing,Executive,service-account,2025-02-21,17,True
USR00079,varun.weber,sql_query,BI_Tool,low,success,unusual_hours,2025-10-02 07:56:00,65,HIGH,Off-hours access (unusual_hours)|Unapproved resource: BI_Tool|Account inactive 52 days,1,Engineering,Engineer,user,2025-02-10,52,True
USR00089,isha.chen,admin_operation,Customer_Vault,high,success,business_hours,2025-10-02 12:28:00,65,HIGH,Sensitive resource (high)|High-risk action: admin_operation|Unapproved resource: Customer_Vault,1,Compliance,Coordinator,service-account,2025-06-09,18,True
USR00057,zainab.jo,file_access,Admin_Console,medium,success,business_hours,2025-10-03 04:30:00,35,LOW,Sensitive resource (medium)|Unapproved resource: Admin_Console,0,Sales,Architect,admin,2024-06-15,14,True
USR00043,matthew.bernard,api_call,File_Share,low,success,night,2025-10-04 05:59:00,68,HIGH,Off-hours access (night)|Unapproved resource: File_Share|Account inactive 33 days,1,Operations,Coordinator,power-user,2024-11-02,33,True
USR00048,xiulan.colombo,login,Admin_Console,medium,success,business_hours,2025-10-06 16:00:00,52,MEDIUM,Sensitive resource (medium)|Unapproved resource: Admin_Console|Account inactive 34 days,1,Compliance,Administrator,user,2023-10-28,34,True
USR00049,thomas.kang,sql_query,PROD_DB,high,success,unusual_hours,2025-10-07 05:23:00,70,HIGH,Off-hours access (unusual_hours)|Sensitive resource (high)|Unapproved resource: PROD_DB,1,Engineering,Administrator,user,2022-08-24,24,True
USR00054,edward.smith,sql_query,GL_System,high,success,business_hours,2025-10-07 06:45:00,50,MEDIUM,Sensitive resource (high)|Unapproved resource: GL_System,1,Support,Specialist,user,2023-07-28,12,True
USR00028,paul.singh,sql_query,Admin_Console,medium,success,business_hours,2025-10-07 13:26:00,35,LOW,Sensitive resource (medium)|Unapproved resource: Admin_Console,0,HR,Officer,admin,2023-11-27,28,True
USR00009,aditya.burke,export_data,GL_System,high,success,weekend,2025-10-08 13:38:00,70,HIGH,Sensitive resource (high)|High-risk action: export_data|Unapproved resource: GL_System,1,Finance,Architect,power-user,2024-02-27,23,True
USR00012,vikram.white,file_access,Customer_Vault,high,success,business_hours,2025-10-09 14:06:00,50,MEDIUM,Sensitive resource (high)|Unapproved resource: Customer_Vault,1,Operations,Director,service-account,2024-12-04,25,True
USR00092,charles.sullivan,file_access,Admin_Console,medium,success,business_hours,2025-10-09 15:47:00,35,LOW,Sensitive resource (medium)|Unapproved resource: Admin_Console,0,IT,Executive,user,2025-12-05,28,True
USR00027,pooja.sullivan,api_call,File_Share,low,success,unusual_hours,2025-10-09 16:22:00,68,HIGH,Off-hours access (unusual_hours)|Unapproved resource: File_Share|Account inactive 34 days,1,Support,Lead,admin,2024-02-21,34,True
USR00050,nisha.martinez,api_call,Email_Archive,medium,success,night,2025-10-09 23:09:00,58,MEDIUM,Off-hours access (night)|Sensitive resource (medium)|Unapproved resource: Email_Archive,1,HR,Architect,user,2024-02-19,25,True
USR00067,donald.wang,api_call,Data_Lake,medium,success,business_hours,2025-10-10 05:18:00,58,MEDIUM,Sensitive resource (medium)|Unapproved resource: Data_Lake|Account inactive 54 days,1,Marketing,Manager,user,2023-07-01,54,True
USR00071,richard.johnson,api_call,PROD_DB,high,success,business_hours,2025-10-11 06:15:00,53,MEDIUM,Sensitive resource (high)|Unapproved resource: PROD_DB,1,HR,Administrator,user,2022-03-25,23,True
USR00030,yuki.meyer,sql_query,Data_Lake,medium,success,unusual_hours,2025-10-13 15:32:00,55,MEDIUM,Off-hours access (unusual_hours)|Sensitive resource (medium)|Unapproved resource: Data_Lake,1,Marketing,Manager,service-account,2025-04-07,24,True
USR00059,thomas.lewis,api_call,Email_Archive,medium,success,weekend,2025-10-14 08:04:00,58,MEDIUM,Sensitive resource (medium)|Unapproved resource: Email_Archive|Account inactive 58 days,1,Finance,Director,power-user,2024-08-12,58,True
USR00036,nicholas.harris,sql_query,HRIS,high,success,business_hours,2025-10-14 22:30:00,70,HIGH,Sensitive resource (high)|Unapproved resource: HRIS|Account inactive 40 days,1,Marketing,Analyst,user,2025-11-25,40,True
USR00061,sophia.hernandez,sql_query,BI_Tool,low,success,unusual_hours,2025-10-15 02:55:00,65,HIGH,Off-hours access (unusual_hours)|Unapproved resource: BI_Tool|Account inactive 35 days,1,Support,Developer,user,2023-04-13,35,True
USR00078,christopher.menon,admin_operation,Admin_Console,medium,success,business_hours,2025-10-15 11:01:00,50,MEDIUM,Sensitive resource (medium)|High-risk action: admin_operation|Unapproved resource: Admin_Console,1,Executive,Officer,service-account,2023-01-02,22,True
USR00022,harsh.patel,login,Email_Archive,medium,success,business_hours,2025-10-16 03:42:00,52,MEDIUM,Sensitive resource (medium)|Unapproved resource: Email_Archive|Account inactive 52 days,1,Legal,Specialist,user,2025-04-22,52,True
USR00011,maria.o'brien,admin_operation,PROD_DB,high,success,weekend,2025-10-16 19:11:00,95,CRITICAL,Sensitive resource (high)|High-risk action: admin_operation|Unapproved resource: PROD_DB|User privilege doing admin action,1,Security,Administrator,user,2025-09-10,16,True
USR00006,kevin.ramirez,login,PROD_DB,high,success,business_hours,2025-10-17 10:54:00,67,HIGH,Sensitive resource (high)|Unapproved resource: PROD_DB|Account inactive 46 days,1,Legal,Architect,power-user,2024-05-08,46,True
USR00031,amitabh.taylor,export_data,Customer_Vault,high,success,business_hours,2025-10-17 23:45:00,70,HIGH,Sensitive resource (high)|High-risk action: export_data|Unapproved resource: Customer_Vault,1,Finance,Director,power-user,2024-01-24,30,True
USR00088,william.jang,admin_operation,File_Share,low,success,business_hours,2025-10-18 16:05:00,60,MEDIUM,High-risk action: admin_operation|Unapproved resource: File_Share|Account inactive 36 days,1,Engineering,Engineer,admin,2024-10-14,36,True
USR00034,harsh.jones,sql_query,GL_System,high,success,unusual_hours,2025-10-19 14:38:00,90,CRITICAL,Off-hours access (unusual_hours)|Sensitive resource (high)|Unapproved resource: GL_System|Account inactive 43 days,1,Operations,Specialist,service-account,2024-10-23,43,True
USR00012,vikram.white,sql_query,GL_System,high,success,unusual_hours,2025-10-21 08:50:00,70,HIGH,Off-hours access (unusual_hours)|Sensitive resource (high)|Unapproved resource: GL_System,1,Operations,Director,service-account,2024-12-04,25,True
USR00042,kenneth.sanchez,export_data,SIEM,medium,success,business_hours,2025-10-23 10:13:00,75,HIGH,Sensitive resource (medium)|High-risk action: export_data|Unapproved resource: SIEM|Account inactive 46 days,1,Support,Engineer,user,2023-12-06,46,True
USR00056,william.kumar,admin_operation,SIEM,medium,success,business_hours,2025-10-23 12:29:00,100,CRITICAL,Sensitive resource (medium)|High-risk action: admin_operation|Unapproved resource: SIEM|User privilege doing admin action|Account inactive 58 days,1,Compliance,Manager,user,2023-09-13,58,True
USR00034,harsh.jones,file_access,SIEM,medium,success,unusual_hours,2025-10-24 00:28:00,75,HIGH,Off-hours access (unusual_hours)|Sensitive resource (medium)|Unapproved resource: SIEM|Account inactive 43 days,1,Operations,Specialist,service-account,2024-10-23,43,True
USR00079,varun.weber,login,Email_Archive,medium,success,business_hours,2025-10-24 06:15:00,52,MEDIUM,Sensitive resource (medium)|Unapproved resource: Email_Archive|Account inactive 52 days,1,Engineering,Engineer,user,2025-02-10,52,True
USR00049,thomas.kang,login,Customer_Vault,high,failure,business_hours,2025-10-24 08:44:00,62,MEDIUM,Sensitive resource (high)|Unapproved resource: Customer_Vault|Access attempt FAILED,1,Engineering,Administrator,user,2022-08-24,24,True
USR00091,steven.thompson,admin_operation,PROD_DB,high,failure,business_hours,2025-10-24 17:59:00,60,MEDIUM,Sensitive resource (high)|High-risk action: admin_operation|Access attempt FAILED,1,Support,Lead,power-user,2023-02-06,26,True
USR00069,nikhil.jang,login,GL_System,high,success,business_hours,2025-10-26 02:02:00,47,MEDIUM,Sensitive resource (high)|Unapproved resource: GL_System,1,HR,Analyst,user,2023-07-16,30,True
USR00054,edward.smith,api_call,PROD_DB,high,success,business_hours,2025-10-26 04:53:00,53,MEDIUM,Sensitive resource (high)|Unapproved resource: PROD_DB,1,Support,Specialist,user,2023-07-28,12,True
USR00009,aditya.burke,admin_operation,File_Share,low,success,business_hours,2025-10-26 18:54:00,40,MEDIUM,High-risk action: admin_operation|Unapproved resource: File_Share,1,Finance,Architect,power-user,2024-02-27,23,True
USR00012,vikram.white,login,Email_Archive,medium,success,business_hours,2025-10-27 19:06:00,32,LOW,Sensitive resource (medium)|Unapproved resource: Email_Archive,0,Operations,Director,service-account,2024-12-04,25,True
USR00001,daniel.singh,sql_query,HRIS,high,success,business_hours,2025-10-28 05:40:00,50,MEDIUM,Sensitive resource (high)|Unapproved resource: HRIS,1,Compliance,Lead,user,2024-04-04,20,True
USR00014,david.thomas,api_call,HRIS,high,success,unusual_hours,2025-10-28 20:37:00,73,HIGH,Off-hours access (unusual_hours)|Sensitive resource (high)|Unapproved resource: HRIS,1,Support,Architect,user,2025-06-17,2,True
USR00097,leila.lopez,admin_operation,GL_System,high,success,night,2025-10-29 05:42:00,100,CRITICAL,Off-hours access (night)|Sensitive resource (high)|High-risk action: admin_operation|Unapproved resource: GL_System|User privilege doing admin action|Account inactive 43 days,1,IT,Executive,user,2025-01-27,43,True
USR00008,thomas.iyer,export_data,SIEM,medium,success,business_hours,2025-10-30 21:43:00,75,HIGH,Sensitive resource (medium)|High-risk action: export_data|Unapproved resource: SIEM|Account inactive 57 days,1,Sales,Administrator,user,2022-04-27,57,True
USR00028,paul.singh,sql_query,BI_Tool,low,success,business_hours,2025-10-31 07:50:00,25,LOW,Unapproved resource: BI_Tool,0,HR,Officer,admin,2023-11-27,28,True
USR00041,matthew.huang,file_access,Email_Archive,medium,success,business_hours,2025-11-01 07:05:00,35,LOW,Sensitive resource (medium)|Unapproved resource: Email_Archive,0,Operations,Lead,power-user,2025-10-08,7,True
USR00090,neha.o'brien,sql_query,BI_Tool,low,success,business_hours,2025-11-01 12:39:00,45,MEDIUM,Unapproved resource: BI_Tool|Account inactive 57 days,1,Finance,Officer,admin,2024-07-03,57,True
USR00093,nadia.muller,api_call,HRIS,high,success,unusual_hours,2025-11-01 15:06:00,93,CRITICAL,Off-hours access (unusual_hours)|Sensitive resource (high)|Unapproved resource: HRIS|Account inactive 46 days,1,Sales,Director,user,2024-02-07,46,True
USR00001,daniel.singh,file_access,Customer_Vault,high,success,business_hours,2025-11-03 08:34:00,50,MEDIUM,Sensitive resource (high)|Unapproved resource: Customer_Vault,1,Compliance,Lead,user,2024-04-04,20,True
USR00079,varun.weber,file_access,SIEM,medium,success,business_hours,2025-11-03 11:15:00,55,MEDIUM,Sensitive resource (medium)|Unapproved resource: SIEM|Account inactive 52 days,1,Engineering,Engineer,user,2025-02-10,52,True
USR00050,nisha.martinez,export_data,Customer_Vault,high,success,night,2025-11-05 16:14:00,90,CRITICAL,Off-hours access (night)|Sensitive resource (high)|High-risk action: export_data|Unapproved resource: Customer_Vault,1,HR,Architect,user,2024-02-19,25,True
USR00073,joshua.becker,admin_operation,Data_Lake,medium,success,business_hours,2025-11-05 18:17:00,80,HIGH,Sensitive resource (medium)|High-risk action: admin_operation|Unapproved resource: Data_Lake|User privilege doing admin action,1,Security,Engineer,user,2025-02-03,20,True
USR00088,william.jang,file_access,Email_Archive,medium,success,business_hours,2025-11-06 10:54:00,55,MEDIUM,Sensitive resource (medium)|Unapproved resource: Email_Archive|Account inactive 36 days,1,Engineering,Engineer,admin,2024-10-14,36,True
USR00098,jason.white,admin_operation,Data_Lake,medium,success,business_hours,2025-11-07 18:39:00,70,HIGH,Sensitive resource (medium)|High-risk action: admin_operation|Unapproved resource: Data_Lake|Account inactive 52 days,1,Compliance,Lead,power-user,2023-04-03,52,True
USR00056,william.kumar,login,Admin_Console,medium,success,weekend,2025-11-07 19:02:00,52,MEDIUM,Sensitive resource (medium)|Unapproved resource: Admin_Console|Account inactive 58 days,1,Compliance,Manager,user,2023-09-13,58,True
USR00008,thomas.iyer,sql_query,Email_Archive,medium,success,business_hours,2025-11-08 06:10:00,55,MEDIUM,Sensitive resource (medium)|Unapproved resource: Email_Archive|Account inactive 57 days,1,Sales,Administrator,user,2022-04-27,57,True
USR00022,harsh.patel,login,Email_Archive,medium,success,business_hours,2025-11-10 12:56:00,52,MEDIUM,Sensitive resource (medium)|Unapproved resource: Email_Archive|Account inactive 52 days,1,Legal,Specialist,user,2025-04-22,52,True
USR00083,ryan.thomas,file_access,File_Share,low,success,business_hours,2025-11-11 09:49:00,25,LOW,Unapproved resource: File_Share,0,Marketing,Executive,service-account,2025-02-21,17,True
USR00033,michael.sharma,file_access,BI_Tool,low,success,business_hours,2025-11-11 11:44:00,25,LOW,Unapproved resource: BI_Tool,0,Legal,Officer,power-user,2023-06-10,26,True
USR00028,paul.singh,login,BI_Tool,low,success,business_hours,2025-11-12 02:24:00,22,LOW,Unapproved resource: BI_Tool,0,HR,Officer,admin,2023-11-27,28,True
USR00090,neha.o'brien,export_data,Data_Lake,medium,success,business_hours,2025-11-12 08:16:00,75,HIGH,Sensitive resource (medium)|High-risk action: export_data|Unapproved resource: Data_Lake|Account inactive 57 days,1,Finance,Officer,admin,2024-07-03,57,True
USR00075,timothy.huang,login,SIEM,medium,failure,business_hours,2025-11-14 07:30:00,47,MEDIUM,Sensitive resource (medium)|Unapproved resource: SIEM|Access attempt FAILED,1,Sales,Manager,user,2023-12-15,21,True
USR00067,donald.wang,admin_operation,Email_Archive,medium,success,business_hours,2025-11-14 15:46:00,100,CRITICAL,Sensitive resource (medium)|High-risk action: admin_operation|Unapproved resource: Email_Archive|User privilege doing admin action|Account inactive 54 days,1,Marketing,Manager,user,2023-07-01,54,True
USR00005,george.lim,login,Email_Archive,medium,failure,business_hours,2025-11-15 09:22:00,67,HIGH,Sensitive resource (medium)|Unapproved resource: Email_Archive|Access attempt FAILED|Account inactive 57 days,1,Engineering,Administrator,user,2025-05-25,57,True
USR00026,stephen.bhat,api_call,GL_System,high,success,business_hours,2025-11-17 17:53:00,73,HIGH,Sensitive resource (high)|Unapproved resource: GL_System|Account inactive 33 days,1,Finance,Director,user,2022-12-14,33,True
USR00028,paul.singh,api_call,Data_Lake,medium,success,business_hours,2025-11-17 19:16:00,38,LOW,Sensitive resource (medium)|Unapproved resource: Data_Lake,0,HR,Officer,admin,2023-11-27,28,True
USR00024,nicholas.jackson,admin_operation,GL_System,high,success,business_hours,2025-11-19 10:19:00,100,CRITICAL,Sensitive resource (high)|High-risk action: admin_operation|Unapproved resource: GL_System|User privilege doing admin action|Account inactive 31 days,1,Compliance,Lead,user,2023-11-01,31,True
USR00070,jeffrey.chen,file_access,SIEM,medium,success,business_hours,2025-11-19 13:17:00,35,LOW,Sensitive resource (medium)|Unapproved resource: SIEM,0,IT,Administrator,power-user,2024-02-02,19,True
USR00051,meera.quinn,sql_query,Data_Lake,medium,success,business_hours,2025-11-20 04:13:00,35,LOW,Sensitive resource (medium)|Unapproved resource: Data_Lake,0,Executive,Developer,user,2025-01-26,30,True
USR00047,george.clark,sql_query,HRIS,high,success,business_hours,2025-11-20 18:52:00,70,HIGH,Sensitive resource (high)|Unapproved resource: HRIS|Account inactive 55 days,1,Engineering,Lead,power-user,2024-04-12,55,True
USR00005,george.lim,sql_query,Email_Archive,medium,success,unusual_hours,2025-11-20 21:42:00,75,HIGH,Off-hours access (unusual_hours)|Sensitive resource (medium)|Unapproved resource: Email_Archive|Account inactive 57 days,1,Engineering,Administrator,user,2025-05-25,57,True
USR00015,sophia.white,api_call,HRIS,high,success,business_hours,2025-11-21 03:28:00,53,MEDIUM,Sensitive resource (high)|Unapproved resource: HRIS,1,Security,Developer,admin,2025-10-04,24,True
USR00048,xiulan.colombo,sql_query,BI_Tool,low,success,business_hours,2025-11-21 03:57:00,45,MEDIUM,Unapproved resource: BI_Tool|Account inactive 34 days,1,Compliance,Administrator,user,2023-10-28,34,True
USR00085,varun.rao,login,Data_Lake,medium,success,weekend,2025-11-21 20:32:00,52,MEDIUM,Sensitive resource (medium)|Unapproved resource: Data_Lake|Account inactive 44 days,1,Marketing,Developer,user,2022-07-24,44,True
USR00055,neha.johnson,export_data,Admin_Console,medium,success,business_hours,2025-11-21 23:54:00,75,HIGH,Sensitive resource (medium)|High-risk action: export_data|Unapproved resource: Admin_Console|Account inactive 49 days,1,Sales,Analyst,user,2025-05-20,49,True
USR00023,isha.jones,admin_operation,Email_Archive,medium,success,business_hours,2025-11-22 23:59:00,70,HIGH,Sensitive resource (medium)|High-risk action: admin_operation|Unapproved resource: Email_Archive|Account inactive 55 days,1,Legal,Director,power-user,2024-03-25,55,True
USR00071,richard.johnson,login,SIEM,medium,success,business_hours,2025-11-24 03:44:00,32,LOW,Sensitive resource (medium)|Unapproved resource: SIEM,0,HR,Administrator,user,2022-03-25,23,True
USR00064,zainab.pillai,api_call,BI_Tool,low,success,business_hours,2025-11-24 04:36:00,48,MEDIUM,Unapproved resource: BI_Tool|Account inactive 58 days,1,HR,Director,user,2023-08-19,58,True
USR00011,maria.o'brien,export_data,File_Share,low,success,business_hours,2025-11-26 08:50:00,45,MEDIUM,High-risk action: export_data|Unapproved resource: File_Share,1,Security,Administrator,user,2025-09-10,16,True
USR00040,nicholas.romano,api_call,Customer_Vault,high,success,night,2025-11-26 21:37:00,93,CRITICAL,Off-hours access (night)|Sensitive resource (high)|Unapproved resource: Customer_Vault|Account inactive 52 days,1,Security,Officer,power-user,2023-12-02,52,True
USR00066,ronald.martin,file_access,PROD_DB,high,success,unusual_hours,2025-11-27 19:29:00,70,HIGH,Off-hours access (unusual_hours)|Sensitive resource (high)|Unapproved resource: PROD_DB,1,Security,Specialist,user,2025-12-10,29,True
USR00078,christopher.menon,api_call,File_Share,low,success,business_hours,2025-11-28 10:15:00,28,LOW,Unapproved resource: File_Share,0,Executive,Officer,service-account,2023-01-02,22,True
USR00075,timothy.huang,api_call,HRIS,high,success,business_hours,2025-11-28 11:26:00,53,MEDIUM,Sensitive resource (high)|Unapproved resource: HRIS,1,Sales,Manager,user,2023-12-15,21,True
USR00018,meera.burke,api_call,BI_Tool,low,success,night,2025-11-28 12:37:00,68,HIGH,Off-hours access (night)|Unapproved resource: BI_Tool|Account inactive 59 days,1,Operations,Executive,power-user,2025-10-04,59,True
USR00082,arjun.hwang,sql_query,SIEM,medium,success,business_hours,2025-11-28 19:05:00,55,MEDIUM,Sensitive resource (medium)|Unapproved resource: SIEM|Account inactive 52 days,1,Legal,Manager,admin,2024-09-21,52,True
USR00010,jacob.patel,login,PROD_DB,high,success,business_hours,2025-11-29 20:54:00,27,LOW,Sensitive resource (high),0,Marketing,Architect,user,2025-09-20,1,True
USR00049,thomas.kang,admin_operation,HRIS,high,success,weekend,2025-11-30 11:54:00,95,CRITICAL,Sensitive resource (high)|High-risk action: admin_operation|Unapproved resource: HRIS|User privilege doing admin action,1,Engineering,Administrator,user,2022-08-24,24,True
USR00039,stephen.bhat,api_call,File_Share,low,failure,business_hours,2025-11-30 23:28:00,43,MEDIUM,Unapproved resource: File_Share|Access attempt FAILED,1,Engineering,Engineer,user,2023-09-11,25,True
USR00012,vikram.white,sql_query,Admin_Console,medium,success,business_hours,2025-12-01 17:05:00,35,LOW,Sensitive resource (medium)|Unapproved resource: Admin_Console,0,Operations,Director,service-account,2024-12-04,25,True
USR00037,ronald.wilson,api_call,Admin_Console,medium,failure,business_hours,2025-12-01 17:41:00,53,MEDIUM,Sensitive resource (medium)|Unapproved resource: Admin_Console|Access attempt FAILED,1,Finance,Coordinator,power-user,2024-03-06,25,True
USR00052,leila.sun,admin_operation,BI_Tool,low,success,business_hours,2025-12-02 03:34:00,90,CRITICAL,High-risk action: admin_operation|Unapproved resource: BI_Tool|User privilege doing admin action|Account inactive 53 days,1,Engineering,Administrator,user,2024-04-05,53,True
USR00096,edward.thomas,login,SIEM,medium,success,business_hours,2025-12-02 17:41:00,32,LOW,Sensitive resource (medium)|Unapproved resource: SIEM,0,Operations,Officer,service-account,2023-04-08,24,True
USR00012,vikram.white,sql_query,Admin_Console,medium,success,business_hours,2025-12-02 20:52:00,35,LOW,Sensitive resource (medium)|Unapproved resource: Admin_Console,0,Operations,Director,service-account,2024-12-04,25,True
USR00076,stephen.guo,sql_query,Data_Lake,medium,success,night,2025-12-04 14:47:00,55,MEDIUM,Off-hours access (night)|Sensitive resource (medium)|Unapproved resource: Data_Lake,1,Finance,Lead,user,2025-10-30,8,True
USR00067,donald.wang,login,BI_Tool,low,success,unusual_hours,2025-12-05 00:50:00,62,MEDIUM,Off-hours access (unusual_hours)|Unapproved resource: BI_Tool|Account inactive 54 days,1,Marketing,Manager,user,2023-07-01,54,True
USR00034,harsh.jones,file_access,Data_Lake,medium,success,weekend,2025-12-06 07:53:00,55,MEDIUM,Sensitive resource (medium)|Unapproved resource: Data_Lake|Account inactive 43 days,1,Operations,Specialist,service-account,2024-10-23,43,True
USR00067,donald.wang,sql_query,Data_Lake,medium,success,unusual_hours,2025-12-07 03:36:00,75,HIGH,Off-hours access (unusual_hours)|Sensitive resource (medium)|Unapproved resource: Data_Lake|Account inactive 54 days,1,Marketing,Manager,user,2023-07-01,54,True
USR00059,thomas.lewis,export_data,HRIS,high,success,unusual_hours,2025-12-07 13:11:00,100,CRITICAL,Off-hours access (unusual_hours)|Sensitive resource (high)|High-risk action: export_data|Unapproved resource: HRIS|Account inactive 58 days,1,Finance,Director,power-user,2024-08-12,58,True
USR00007,robert.smith,file_access,SIEM,medium,failure,unusual_hours,2025-12-07 14:19:00,90,CRITICAL,Off-hours access (unusual_hours)|Sensitive resource (medium)|Unapproved resource: SIEM|Access attempt FAILED|Account inactive 44 days,1,Operations,Lead,user,2025-05-25,44,True
USR00065,timothy.xu,login,SIEM,medium,success,business_hours,2025-12-08 08:59:00,32,LOW,Sensitive resource (medium)|Unapproved resource: SIEM,0,Marketing,Architect,user,2023-02-03,6,True
USR00071,richard.johnson,export_data,Email_Archive,medium,success,business_hours,2025-12-10 08:56:00,55,MEDIUM,Sensitive resource (medium)|High-risk action: export_data|Unapproved resource: Email_Archive,1,HR,Administrator,user,2022-03-25,23,True
USR00059,thomas.lewis,file_access,Customer_Vault,high,success,unusual_hours,2025-12-11 00:31:00,90,CRITICAL,Off-hours access (unusual_hours)|Sensitive resource (high)|Unapproved resource: Customer_Vault|Account inactive 58 days,1,Finance,Director,power-user,2024-08-12,58,True
USR00008,thomas.iyer,export_data,BI_Tool,low,success,night,2025-12-11 15:55:00,85,CRITICAL,Off-hours access (night)|High-risk action: export_data|Unapproved resource: BI_Tool|Account inactive 57 days,1,Sales,Administrator,user,2022-04-27,57,True
USR00050,nisha.martinez,admin_operation,SIEM,medium,success,business_hours,2025-12-11 22:49:00,80,HIGH,Sensitive resource (medium)|High-risk action: admin_operation|Unapproved resource: SIEM|User privilege doing admin action,1,HR,Architect,user,2024-02-19,25,True
USR00093,nadia.muller,login,SIEM,medium,success,unusual_hours,2025-12-12 19:51:00,72,HIGH,Off-hours access (unusual_hours)|Sensitive resource (medium)|Unapproved resource: SIEM|Account inactive 46 days,1,Sales,Director,user,2024-02-07,46,True
USR00023,isha.jones,sql_query,SIEM,medium,success,business_hours,2025-12-13 18:53:00,35,LOW,Sensitive resource (medium)|Account inactive 55 days,0,Legal,Director,power-user,2024-03-25,55,True
USR00073,joshua.becker,sql_query,SIEM,medium,success,unusual_hours,2025-12-13 22:00:00,55,MEDIUM,Off-hours access (unusual_hours)|Sensitive resource (medium)|Unapproved resource: SIEM,1,Security,Engineer,user,2025-02-03,20,True
USR00079,varun.weber,file_access,BI_Tool,low,success,night,2025-12-14 14:07:00,65,HIGH,Off-hours access (night)|Unapproved resource: BI_Tool|Account inactive 52 days,1,Engineering,Engineer,user,2025-02-10,52,True
USR00041,matthew.huang,login,SIEM,medium,success,business_hours,2025-12-14 16:25:00,32,LOW,Sensitive resource (medium)|Unapproved resource: SIEM,0,Operations,Lead,power-user,2025-10-08,7,True
USR00048,xiulan.colombo,export_data,GL_System,high,success,unusual_hours,2025-12-14 21:05:00,100,CRITICAL,Off-hours access (unusual_hours)|Sensitive resource (high)|High-risk action: export_data|Unapproved resource: GL_System|Account inactive 34 days,1,Compliance,Administrator,user,2023-10-28,34,True
USR00081,isha.ghosh,api_call,HRIS,high,success,business_hours,2025-12-15 01:31:00,73,HIGH,Sensitive resource (high)|Unapproved resource: HRIS|Account inactive 44 days,1,IT,Manager,power-user,2025-12-26,44,True
USR00002,kenneth.moore,api_call,Admin_Console,medium,success,business_hours,2025-12-15 15:36:00,38,LOW,Sensitive resource (medium)|Unapproved resource: Admin_Console,0,Sales,Architect,service-account,2025-12-07,13,True
USR00022,harsh.patel,login,GL_System,high,success,business_hours,2025-12-16 03:31:00,67,HIGH,Sensitive resource (high)|Unapproved resource: GL_System|Account inactive 52 days,1,Legal,Specialist,user,2025-04-22,52,True
USR00096,edward.thomas,api_call,BI_Tool,low,success,business_hours,2025-12-16 16:04:00,28,LOW,Unapproved resource: BI_Tool,0,Operations,Officer,service-account,2023-04-08,24,True
USR00041,matthew.huang,sql_query,HRIS,high,success,business_hours,2025-12-16 18:19:00,50,MEDIUM,Sensitive resource (high)|Unapproved resource: HRIS,1,Operations,Lead,power-user,2025-10-08,7,True
USR00047,george.clark,sql_query,HRIS,high,success,business_hours,2025-12-16 19:13:00,70,HIGH,Sensitive resource (high)|Unapproved resource: HRIS|Account inactive 55 days,1,Engineering,Lead,power-user,2024-04-12,55,True
USR00036,nicholas.harris,login,PROD_DB,high,success,weekend,2025-12-17 17:51:00,67,HIGH,Sensitive resource (high)|Unapproved resource: PROD_DB|Account inactive 40 days,1,Marketing,Analyst,user,2025-11-25,40,True
USR00010,jacob.patel,sql_query,SIEM,medium,success,unusual_hours,2025-12-18 00:44:00,55,MEDIUM,Off-hours access (unusual_hours)|Sensitive resource (medium)|Unapproved resource: SIEM,1,Marketing,Architect,user,2025-09-20,1,True
USR00086,ryan.colombo,api_call,Admin_Console,medium,success,business_hours,2025-12-21 22:40:00,58,MEDIUM,Sensitive resource (medium)|Unapproved resource: Admin_Console|Account inactive 49 days,1,Engineering,Analyst,service-account,2024-11-18,49,True
USR00082,arjun.hwang,file_access,SIEM,medium,success,business_hours,2025-12-22 04:59:00,55,MEDIUM,Sensitive resource (medium)|Unapproved resource: SIEM|Account inactive 52 days,1,Legal,Manager,admin,2024-09-21,52,True
USR00053,timothy.jo,api_call,BI_Tool,low,success,business_hours,2025-12-22 21:23:00,28,LOW,Unapproved resource: BI_Tool,0,Engineering,Engineer,user,2025-09-20,11,True
USR00053,timothy.jo,login,File_Share,low,success,business_hours,2025-12-23 08:58:00,22,LOW,Unapproved resource: File_Share,0,Engineering,Engineer,user,2025-09-20,11,True
USR00005,george.lim,login,HRIS,high,failure,business_hours,2025-12-24 11:43:00,82,HIGH,Sensitive resource (high)|Unapproved resource: HRIS|Access attempt FAILED|Account inactive 57 days,1,Engineering,Administrator,user,2025-05-25,57,True
USR00020,karan.white,file_access,Email_Archive,medium,success,business_hours,2025-12-24 19:13:00,35,LOW,Sensitive resource (medium)|Unapproved resource: Email_Archive,0,IT,Specialist,user,2023-12-14,25,True
USR00041,matthew.huang,export_data,GL_System,high,success,weekend,2025-12-25 15:25:00,70,HIGH,Sensitive resource (high)|High-risk action: export_data|Unapproved resource: GL_System,1,Operations,Lead,power-user,2025-10-08,7,True
USR00047,george.clark,admin_operation,SIEM,medium,success,business_hours,2025-12-28 20:01:00,70,HIGH,Sensitive resource (medium)|High-risk action: admin_operation|Unapproved resource: SIEM|Account inactive 55 days,1,Engineering,Lead,power-user,2024-04-12,55,True
USR00001,daniel.singh,sql_query,Admin_Console,medium,success,weekend,2025-12-31 01:37:00,35,LOW,Sensitive resource (medium)|Unapproved resource: Admin_Console,0,Compliance,Lead,user,2024-04-04,20,True
USR00053,timothy.jo,admin_operation,Customer_Vault,high,success,night,2026-01-01 02:56:00,100,CRITICAL,Off-hours access (night)|Sensitive resource (high)|High-risk action: admin_operation|Unapproved resource: Customer_Vault|User privilege doing admin action,1,Engineering,Engineer,user,2025-09-20,11,True
USR00063,daniel.colombo,login,Customer_Vault,high,success,business_hours,2026-01-01 22:58:00,67,HIGH,Sensitive resource (high)|Unapproved resource: Customer_Vault|Account inactive 52 days,1,Sales,Specialist,power-user,2025-03-04,52,True
USR00024,nicholas.jackson,login,Customer_Vault,high,success,business_hours,2026-01-02 11:38:00,67,HIGH,Sensitive resource (high)|Unapproved resource: Customer_Vault|Account inactive 31 days,1,Compliance,Lead,user,2023-11-01,31,True
USR00054,edward.smith,file_access,Customer_Vault,high,success,unusual_hours,2026-01-02 18:53:00,70,HIGH,Off-hours access (unusual_hours)|Sensitive resource (high)|Unapproved resource: Customer_Vault,1,Support,Specialist,user,2023-07-28,12,True
USR00056,william.kumar,login,File_Share,low,success,business_hours,2026-01-03 06:01:00,42,MEDIUM,Unapproved resource: File_Share|Account inactive 58 days,1,Compliance,Manager,user,2023-09-13,58,True
USR00074,mark.he,sql_query,Admin_Console,medium,success,business_hours,2026-01-03 11:47:00,35,LOW,Sensitive resource (medium)|Unapproved resource: Admin_Console,0,Security,Officer,user,2022-03-26,0,True
USR00076,stephen.guo,file_access,Customer_Vault,high,success,business_hours,2026-01-03 17:00:00,50,MEDIUM,Sensitive resource (high)|Unapproved resource: Customer_Vault,1,Finance,Lead,user,2025-10-30,8,True
USR00053,timothy.jo,sql_query,GL_System,high,success,business_hours,2026-01-04 11:18:00,50,MEDIUM,Sensitive resource (high)|Unapproved resource: GL_System,1,Engineering,Engineer,user,2025-09-20,11,True
USR00096,edward.thomas,sql_query,Email_Archive,medium,success,business_hours,2026-01-04 22:53:00,35,LOW,Sensitive resource (medium)|Unapproved resource: Email_Archive,0,Operations,Officer,service-account,2023-04-08,24,True
USR00045,stephen.kumar,sql_query,BI_Tool,low,success,business_hours,2026-01-06 04:03:00,25,LOW,Unapproved resource: BI_Tool,0,Security,Coordinator,user,2022-09-10,26,True
USR00062,nisha.jones,api_call,HRIS,high,success,business_hours,2026-01-06 06:07:00,73,HIGH,Sensitive resource (high)|Unapproved resource: HRIS|Account inactive 36 days,1,Marketing,Coordinator,power-user,2023-10-20,36,True
USR00071,richard.johnson,admin_operation,Admin_Console,medium,failure,business_hours,2026-01-06 06:20:00,95,CRITICAL,Sensitive resource (medium)|High-risk action: admin_operation|Unapproved resource: Admin_Console|User privilege doing admin action|Access attempt FAILED,1,HR,Administrator,user,2022-03-25,23,True
USR00068,robert.patel,admin_operation,PROD_DB,high,success,unusual_hours,2026-01-07 03:18:00,40,MEDIUM,Off-hours access (unusual_hours)|Sensitive resource (high)|High-risk action: admin_operation,1,Support,Lead,admin,2024-10-25,7,True
USR00001,daniel.singh,login,SIEM,medium,success,business_hours,2026-01-07 07:12:00,32,LOW,Sensitive resource (medium)|Unapproved resource: SIEM,0,Compliance,Lead,user,2024-04-04,20,True
USR00024,nicholas.jackson,admin_operation,File_Share,low,success,business_hours,2026-01-08 17:44:00,90,CRITICAL,High-risk action: admin_operation|Unapproved resource: File_Share|User privilege doing admin action|Account inactive 31 days,1,Compliance,Lead,user,2023-11-01,31,True
USR00014,david.thomas,export_data,File_Share,low,success,business_hours,2026-01-09 09:38:00,45,MEDIUM,High-risk action: export_data|Unapproved resource: File_Share,1,Support,Architect,user,2025-06-17,2,True
USR00033,michael.sharma,login,Customer_Vault,high,failure,unusual_hours,2026-01-10 02:53:00,82,HIGH,Off-hours access (unusual_hours)|Sensitive resource (high)|Unapproved resource: Customer_Vault|Access attempt FAILED,1,Legal,Officer,power-user,2023-06-10,26,True
USR00022,harsh.patel,admin_operation,Customer_Vault,high,success,business_hours,2026-01-10 13:25:00,100,CRITICAL,Sensitive resource (high)|High-risk action: admin_operation|Unapproved resource: Customer_Vault|User privilege doing admin action|Account inactive 52 days,1,Legal,Specialist,user,2025-04-22,52,True
USR00045,stephen.kumar,export_data,Admin_Console,medium,success,business_hours,2026-01-10 21:19:00,55,MEDIUM,Sensitive resource (medium)|High-risk action: export_data|Unapproved resource: Admin_Console,1,Security,Coordinator,user,2022-09-10,26,True
USR00056,william.kumar,export_data,GL_System,high,success,business_hours,2026-01-12 18:40:00,90,CRITICAL,Sensitive resource (high)|High-risk action: export_data|Unapproved resource: GL_System|Account inactive 58 days,1,Compliance,Manager,user,2023-09-13,58,True
USR00093,nadia.muller,file_access,File_Share,low,success,business_hours,2026-01-14 03:37:00,45,MEDIUM,Unapproved resource: File_Share|Account inactive 46 days,1,Sales,Director,user,2024-02-07,46,True
USR00012,vikram.white,login,Data_Lake,medium,success,business_hours,2026-01-14 20:44:00,32,LOW,Sensitive resource (medium)|Unapproved resource: Data_Lake,0,Operations,Director,service-account,2024-12-04,25,True
USR00060,vikram.gonzalez,file_access,Admin_Console,medium,success,weekend,2026-01-16 18:21:00,35,LOW,Sensitive resource (medium)|Unapproved resource: Admin_Console,0,Sales,Developer,power-user,2022-06-14,4,True
USR00000,pooja.murphy,export_data,File_Share,low,success,business_hours,2026-01-17 18:50:00,65,HIGH,High-risk action: export_data|Unapproved resource: File_Share|Account inactive 59 days,1,Executive,Developer,user,2024-12-21,59,True
USR00025,diya.romano,api_call,File_Share,low,success,business_hours,2026-01-21 10:54:05,28,LOW,Unapproved resource: File_Share,0,Marketing,Coordinator,power-user,2022-06-12,13,True
USR00048,xiulan.colombo,login,Admin_Console,medium,success,unusual_hours,2026-01-21 10:54:05,72,HIGH,Off-hours access (unusual_hours)|Sensitive resource (medium)|Unapproved resource: Admin_Console|Account inactive 34 days,1,Compliance,Administrator,user,2023-10-28,34,True
USR00034,harsh.jones,login,Admin_Console,medium,success,business_hours,2026-01-21 10:54:05,52,MEDIUM,Sensitive resource (medium)|Unapproved resource: Admin_Console|Account inactive 43 days,1,Operations,Specialist,service-account,2024-10-23,43,True
USR00026,stephen.bhat,login,Admin_Console,medium,success,business_hours,2026-01-21 10:54:05,52,MEDIUM,Sensitive resource (medium)|Unapproved resource: Admin_Console|Account inactive 33 days,1,Finance,Director,user,2022-12-14,33,True
USR00057,zainab.jo,login,SIEM,medium,success,business_hours,2026-01-21 10:54:06,0,LOW,Sensitive resource (medium),0,Sales,Architect,admin,2024-06-15,14,True
USR00019,joshua.white,sql_query,BI_Tool,low,success,business_hours,2026-01-21 10:54:06,25,LOW,Unapproved resource: BI_Tool,0,Finance,Coordinator,user,2024-06-20,2,True
USR00009,aditya.burke,admin_operation,Customer_Vault,high,success,business_hours,2026-01-21 10:54:06,65,HIGH,Sensitive resource (high)|High-risk action: admin_operation|Unapproved resource: Customer_Vault,1,Finance,Architect,power-user,2024-02-27,23,True
USR00031,amitabh.taylor,login,GL_System,high,success,business_hours,2026-01-22 10:54:05,47,MEDIUM,Sensitive resource (high)|Unapproved resource: GL_System,1,Finance,Director,power-user,2024-01-24,30,True
USR00075,timothy.huang,api_call,Customer_Vault,high,success,night,2026-01-22 10:54:05,73,HIGH,Off-hours access (night)|Sensitive resource (high)|Unapproved resource: Customer_Vault,1,Sales,Manager,user,2023-12-15,21,True
USR00096,edward.thomas,file_access,Customer_Vault,high,success,business_hours,2026-01-22 10:54:05,50,MEDIUM,Sensitive resource (high)|Unapproved resource: Customer_Vault,1,Operations,Officer,service-account,2023-04-08,24,True
USR00025,diya.romano,export_data,Email_Archive,medium,success,business_hours,2026-01-22 10:54:05,55,MEDIUM,Sensitive resource (medium)|High-risk action: export_data|Unapproved resource: Email_Archive,1,Marketing,Coordinator,power-user,2022-06-12,13,True
USR00025,diya.romano,file_access,Email_Archive,medium,success,business_hours,2026-01-22 10:54:05,35,LOW,Sensitive resource (medium)|Unapproved resource: Email_Archive,0,Marketing,Coordinator,power-user,2022-06-12,13,True
USR00027,pooja.sullivan,admin_operation,Email_Archive,medium,success,business_hours,2026-01-22 10:54:06,70,HIGH,Sensitive resource (medium)|High-risk action: admin_operation|Unapproved resource: Email_Archive|Account inactive 34 days,1,Support,Lead,admin,2024-02-21,34,True
USR00082,arjun.hwang,sql_query,Email_Archive,medium,success,business_hours,2026-01-22 10:54:06,55,MEDIUM,Sensitive resource (medium)|Unapproved resource: Email_Archive|Account inactive 52 days,1,Legal,Manager,admin,2024-09-21,52,True
USR00013,jonathan.jackson,admin_operation,SIEM,medium,success,business_hours,2026-01-22 10:54:06,100,CRITICAL,Sensitive resource (medium)|High-risk action: admin_operation|Unapproved resource: SIEM|User privilege doing admin action|Account inactive 34 days,1,Sales,Administrator,user,2022-05-30,34,True
USR00041,matthew.huang,login,Data_Lake,medium,success,business_hours,2026-01-22 10:54:06,32,LOW,Sensitive resource (medium)|Unapproved resource: Data_Lake,0,Operations,Lead,power-user,2025-10-08,7,True
USR00018,meera.burke,sql_query,BI_Tool,low,success,night,2026-01-22 10:54:06,65,HIGH,Off-hours access (night)|Unapproved resource: BI_Tool|Account inactive 59 days,1,Operations,Executive,power-user,2025-10-04,59,True
USR00050,nisha.martinez,admin_operation,Email_Archive,medium,success,unusual_hours,2026-01-22 10:54:06,100,CRITICAL,Off-hours access (unusual_hours)|Sensitive resource (medium)|High-risk action: admin_operation|Unapproved resource: Email_Archive|User privilege doing admin action,1,HR,Architect,user,2024-02-19,25,True
USR00008,thomas.iyer,admin_operation,Customer_Vault,high,success,business_hours,2026-01-23 10:54:05,100,CRITICAL,Sensitive resource (high)|High-risk action: admin_operation|Unapproved resource: Customer_Vault|User privilege doing admin action|Account inactive 57 days,1,Sales,Administrator,user,2022-04-27,57,True
USR00095,priya.petit,admin_operation,SIEM,medium,success,unusual_hours,2026-01-23 10:54:05,100,CRITICAL,Off-hours access (unusual_hours)|Sensitive resource (medium)|High-risk action: admin_operation|Unapproved resource: SIEM|User privilege doing admin action,1,HR,Architect,user,2023-04-28,20,True
USR00086,ryan.colombo,admin_operation,SIEM,medium,success,business_hours,2026-01-23 10:54:05,70,HIGH,Sensitive resource (medium)|High-risk action: admin_operation|Unapproved resource: SIEM|Account inactive 49 days,1,Engineering,Analyst,service-account,2024-11-18,49,True
USR00045,stephen.kumar,admin_operation,Email_Archive,medium,success,night,2026-01-23 10:54:05,100,CRITICAL,Off-hours access (night)|Sensitive resource (medium)|High-risk action: admin_operation|Unapproved resource: Email_Archive|User privilege doing admin action,1,Security,Coordinator,user,2022-09-10,26,True
USR00071,richard.johnson,admin_operation,Customer_Vault,high,success,business_hours,2026-01-23 10:54:05,95,CRITICAL,Sensitive resource (high)|High-risk action: admin_operation|Unapproved resource: Customer_Vault|User privilege doing admin action,1,HR,Administrator,user,2022-03-25,23,True
USR00005,george.lim,admin_operation,Customer_Vault,high,success,business_hours,2026-01-23 10:54:05,100,CRITICAL,Sensitive resource (high)|High-risk action: admin_operation|Unapproved resource: Customer_Vault|User privilege doing admin action|Account inactive 57 days,1,Engineering,Administrator,user,2025-05-25,57,True
USR00032,pooja.martin,file_access,HRIS,high,success,unusual_hours,2026-01-23 10:54:06,70,HIGH,Off-hours access (unusual_hours)|Sensitive resource (high)|Unapproved resource: HRIS,1,Support,Coordinator,user,2023-06-21,13,True
USR00018,meera.burke,file_access,Admin_Console,medium,success,night,2026-01-23 10:54:06,75,HIGH,Off-hours access (night)|Sensitive resource (medium)|Unapproved resource: Admin_Console|Account inactive 59 days,1,Operations,Executive,power-user,2025-10-04,59,True
USR00063,daniel.colombo,login,PROD_DB,high,success,business_hours,2026-01-23 10:54:06,67,HIGH,Sensitive resource (high)|Unapproved resource: PROD_DB|Account inactive 52 days,1,Sales,Specialist,power-user,2025-03-04,52,True
USR00085,varun.rao,api_call,Admin_Console,medium,success,night,2026-01-23 10:54:06,78,HIGH,Off-hours access (night)|Sensitive resource (medium)|Unapproved resource: Admin_Console|Account inactive 44 days,1,Marketing,Developer,user,2022-07-24,44,True
USR00069,nikhil.jang,api_call,Email_Archive,medium,success,business_hours,2026-01-24 10:54:05,38,LOW,Sensitive resource (medium)|Unapproved resource: Email_Archive,0,HR,Analyst,user,2023-07-16,30,True
USR00065,timothy.xu,login,Admin_Console,medium,success,business_hours,2026-01-24 10:54:05,32,LOW,Sensitive resource (medium)|Unapproved resource: Admin_Console,0,Marketing,Architect,user,2023-02-03,6,True
USR00032,pooja.martin,file_access,SIEM,medium,success,business_hours,2026-01-24 10:54:05,15,LOW,Sensitive resource (medium),0,Support,Coordinator,user,2023-06-21,13,True
USR00014,david.thomas,admin_operation,HRIS,high,success,business_hours,2026-01-24 10:54:05,95,CRITICAL,Sensitive resource (high)|High-risk action: admin_operation|Unapproved resource: HRIS|User privilege doing admin action,1,Support,Architect,user,2025-06-17,2,True
USR00017,diya.schulz,sql_query,Admin_Console,medium,success,night,2026-01-24 10:54:05,75,HIGH,Off-hours access (night)|Sensitive resource (medium)|Unapproved resource: Admin_Console|Account inactive 46 days,1,Executive,Manager,power-user,2025-04-02,46,True
USR00052,leila.sun,export_data,GL_System,high,success,unusual_hours,2026-01-24 10:54:05,100,CRITICAL,Off-hours access (unusual_hours)|Sensitive resource (high)|High-risk action: export_data|Unapproved resource: GL_System|Account inactive 53 days,1,Engineering,Administrator,user,2024-04-05,53,True
USR00097,leila.lopez,sql_query,HRIS,high,success,business_hours,2026-01-24 10:54:06,70,HIGH,Sensitive resource (high)|Unapproved resource: HRIS|Account inactive 43 days,1,IT,Executive,user,2025-01-27,43,True
USR00057,zainab.jo,admin_operation,Email_Archive,medium,success,unusual_hours,2026-01-25 10:54:05,70,HIGH,Off-hours access (unusual_hours)|Sensitive resource (medium)|High-risk action: admin_operation|Unapproved resource: Email_Archive,1,Sales,Architect,admin,2024-06-15,14,True
USR00089,isha.chen,sql_query,SIEM,medium,success,weekend,2026-01-25 10:54:05,35,LOW,Sensitive resource (medium)|Unapproved resource: SIEM,0,Compliance,Coordinator,service-account,2025-06-09,18,True
USR00019,joshua.white,login,Email_Archive,medium,success,business_hours,2026-01-25 10:54:05,32,LOW,Sensitive resource (medium)|Unapproved resource: Email_Archive,0,Finance,Coordinator,user,2024-06-20,2,True
USR00048,xiulan.colombo,api_call,SIEM,medium,success,business_hours,2026-01-25 10:54:05,58,MEDIUM,Sensitive resource (medium)|Unapproved resource: SIEM|Account inactive 34 days,1,Compliance,Administrator,user,2023-10-28,34,True
USR00086,ryan.colombo,login,Data_Lake,medium,success,unusual_hours,2026-01-25 10:54:05,72,HIGH,Off-hours access (unusual_hours)|Sensitive resource (medium)|Unapproved resource: Data_Lake|Account inactive 49 days,1,Engineering,Analyst,service-account,2024-11-18,49,True
USR00032,pooja.martin,api_call,Data_Lake,medium,success,business_hours,2026-01-25 10:54:05,38,LOW,Sensitive resource (medium)|Unapproved resource: Data_Lake,0,Support,Coordinator,user,2023-06-21,13,True
USR00056,william.kumar,export_data,File_Share,low,success,business_hours,2026-01-25 10:54:05,65,HIGH,High-risk action: export_data|Unapproved resource: File_Share|Account inactive 58 days,1,Compliance,Manager,user,2023-09-13,58,True
USR00060,vikram.gonzalez,admin_operation,Admin_Console,medium,failure,weekend,2026-01-25 10:54:05,65,HIGH,Sensitive resource (medium)|High-risk action: admin_operation|Unapproved resource: Admin_Console|Access attempt FAILED,1,Sales,Developer,power-user,2022-06-14,4,True
USR00061,sophia.hernandez,api_call,Email_Archive,medium,success,weekend,2026-01-25 10:54:05,58,MEDIUM,Sensitive resource (medium)|Unapproved resource: Email_Archive|Account inactive 35 days,1,Support,Developer,user,2023-04-13,35,True
USR00095,priya.petit,admin_operation,BI_Tool,low,success,business_hours,2026-01-25 10:54:06,70,HIGH,High-risk action: admin_operation|Unapproved resource: BI_Tool|User privilege doing admin action,1,HR,Architect,user,2023-04-28,20,True
USR00055,neha.johnson,sql_query,PROD_DB,high,success,night,2026-01-25 10:54:06,90,CRITICAL,Off-hours access (night)|Sensitive resource (high)|Unapproved resource: PROD_DB|Account inactive 49 days,1,Sales,Analyst,user,2025-05-20,49,True
USR00006,kevin.ramirez,sql_query,Customer_Vault,high,success,night,2026-01-26 10:54:05,90,CRITICAL,Off-hours access (night)|Sensitive resource (high)|Unapproved resource: Customer_Vault|Account inactive 46 days,1,Legal,Architect,power-user,2024-05-08,46,True
USR00030,yuki.meyer,api_call,Customer_Vault,high,success,business_hours,2026-01-26 10:54:05,53,MEDIUM,Sensitive resource (high)|Unapproved resource: Customer_Vault,1,Marketing,Manager,service-account,2025-04-07,24,True
USR00061,sophia.hernandez,login,Customer_Vault,high,success,business_hours,2026-01-26 10:54:06,67,HIGH,Sensitive resource (high)|Unapproved resource: Customer_Vault|Account inactive 35 days,1,Support,Developer,user,2023-04-13,35,True
USR00066,ronald.martin,login,SIEM,medium,success,business_hours,2026-01-26 10:54:06,32,LOW,Sensitive resource (medium)|Unapproved resource: SIEM,0,Security,Specialist,user,2025-12-10,29,True
USR00090,neha.o'brien,export_data,GL_System,high,success,weekend,2026-01-26 10:54:06,90,CRITICAL,Sensitive resource (high)|High-risk action: export_data|Unapproved resource: GL_System|Account inactive 57 days,1,Finance,Officer,admin,2024-07-03,57,True
USR00061,sophia.hernandez,file_access,SIEM,medium,success,business_hours,2026-01-27 10:54:05,35,LOW,Sensitive resource (medium)|Account inactive 35 days,0,Support,Developer,user,2023-04-13,35,True
USR00099,maria.bianchi,sql_query,Email_Archive,medium,success,unusual_hours,2026-01-27 10:54:05,75,HIGH,Off-hours access (unusual_hours)|Sensitive resource (medium)|Unapproved resource: Email_Archive|Account inactive 40 days,1,Marketing,Officer,service-account,2025-10-01,40,True
USR00054,edward.smith,login,BI_Tool,low,success,business_hours,2026-01-27 10:54:05,22,LOW,Unapproved resource: BI_Tool,0,Support,Specialist,user,2023-07-28,12,True
USR00076,stephen.guo,sql_query,SIEM,medium,success,business_hours,2026-01-27 10:54:05,35,LOW,Sensitive resource (medium)|Unapproved resource: SIEM,0,Finance,Lead,user,2025-10-30,8,True
USR00070,jeffrey.chen,login,Admin_Console,medium,success,business_hours,2026-01-27 10:54:05,32,LOW,Sensitive resource (medium)|Unapproved resource: Admin_Console,0,IT,Administrator,power-user,2024-02-02,19,True
USR00022,harsh.patel,file_access,GL_System,high,success,business_hours,2026-01-27 10:54:05,70,HIGH,Sensitive resource (high)|Unapproved resource: GL_System|Account inactive 52 days,1,Legal,Specialist,user,2025-04-22,52,True
USR00034,harsh.jones,login,BI_Tool,low,success,business_hours,2026-01-27 10:54:06,42,MEDIUM,Unapproved resource: BI_Tool|Account inactive 43 days,1,Operations,Specialist,service-account,2024-10-23,43,True
USR00092,charles.sullivan,admin_operation,GL_System,high,success,business_hours,2026-01-27 10:54:06,95,CRITICAL,Sensitive resource (high)|High-risk action: admin_operation|Unapproved resource: GL_System|User privilege doing admin action,1,IT,Executive,user,2025-12-05,28,True
USR00038,aisha.kim,file_access,GL_System,high,success,business_hours,2026-01-27 10:54:06,50,MEDIUM,Sensitive resource (high)|Unapproved resource: GL_System,1,Compliance,Engineer,user,2022-07-14,5,True
USR00081,isha.ghosh,admin_operation,Data_Lake,medium,success,weekend,2026-01-27 10:54:06,70,HIGH,Sensitive resource (medium)|High-risk action: admin_operation|Unapproved resource: Data_Lake|Account inactive 44 days,1,IT,Manager,power-user,2025-12-26,44,True
USR00083,ryan.thomas,sql_query,Customer_Vault,high,success,business_hours,2026-01-27 10:54:06,50,MEDIUM,Sensitive resource (high)|Unapproved resource: Customer_Vault,1,Marketing,Executive,service-account,2025-02-21,17,True
USR00082,arjun.hwang,admin_operation,Customer_Vault,high,success,business_hours,2026-01-27 10:54:06,85,CRITICAL,Sensitive resource (high)|High-risk action: admin_operation|Unapproved resource: Customer_Vault|Account inactive 52 days,1,Legal,Manager,admin,2024-09-21,52,True
USR00039,stephen.bhat,sql_query,Customer_Vault,high,success,business_hours,2026-01-27 10:54:06,50,MEDIUM,Sensitive resource (high)|Unapproved resource: Customer_Vault,1,Engineering,Engineer,user,2023-09-11,25,True
USR00070,jeffrey.chen,export_data,SIEM,medium,success,business_hours,2026-01-27 10:54:06,55,MEDIUM,Sensitive resource (medium)|High-risk action: export_data|Unapproved resource: SIEM,1,IT,Administrator,power-user,2024-02-02,19,True
USR00091,steven.thompson,export_data,Data_Lake,medium,success,business_hours,2026-01-28 10:54:05,55,MEDIUM,Sensitive resource (medium)|High-risk action: export_data|Unapproved resource: Data_Lake,1,Support,Lead,power-user,2023-02-06,26,True
USR00031,amitabh.taylor,admin_operation,Customer_Vault,high,success,night,2026-01-28 10:54:05,85,CRITICAL,Off-hours access (night)|Sensitive resource (high)|High-risk action: admin_operation|Unapproved resource: Customer_Vault,1,Finance,Director,power-user,2024-01-24,30,True
USR00010,jacob.patel,sql_query,HRIS,high,success,business_hours,2026-01-28 10:54:05,50,MEDIUM,Sensitive resource (high)|Unapproved resource: HRIS,1,Marketing,Architect,user,2025-09-20,1,True
USR00032,pooja.martin,file_access,Customer_Vault,high,success,night,2026-01-28 10:54:05,70,HIGH,Off-hours access (night)|Sensitive resource (high)|Unapproved resource: Customer_Vault,1,Support,Coordinator,user,2023-06-21,13,True
USR00029,zainab.wagner,api_call,SIEM,medium,success,night,2026-01-28 10:54:06,78,HIGH,Off-hours access (night)|Sensitive resource (medium)|Unapproved resource: SIEM|Account inactive 35 days,1,Support,Engineer,user,2023-12-12,35,True
USR00047,george.clark,login,GL_System,high,success,business_hours,2026-01-28 10:54:06,67,HIGH,Sensitive resource (high)|Unapproved resource: GL_System|Account inactive 55 days,1,Engineering,Lead,power-user,2024-04-12,55,True
USR00033,michael.sharma,api_call,Customer_Vault,high,success,business_hours,2026-01-28 10:54:06,53,MEDIUM,Sensitive resource (high)|Unapproved resource: Customer_Vault,1,Legal,Officer,power-user,2023-06-10,26,True
USR00094,donald.schulz,sql_query,PROD_DB,high,success,business_hours,2026-01-28 10:54:06,50,MEDIUM,Sensitive resource (high)|Unapproved resource: PROD_DB,1,Sales,Officer,user,2024-01-04,28,True
USR00016,elena.dubois,admin_operation,PROD_DB,high,success,weekend,2026-01-28 10:54:06,100,CRITICAL,Sensitive resource (high)|High-risk action: admin_operation|Unapproved resource: PROD_DB|User privilege doing admin action|Account inactive 32 days,1,IT,Specialist,user,2024-12-06,32,True
USR00063,daniel.colombo,file_access,Customer_Vault,high,success,night,2026-01-29 10:54:05,90,CRITICAL,Off-hours access (night)|Sensitive resource (high)|Unapproved resource: Customer_Vault|Account inactive 52 days,1,Sales,Specialist,power-user,2025-03-04,52,True
USR00015,sophia.white,admin_operation,File_Share,low,success,night,2026-01-29 10:54:05,60,MEDIUM,Off-hours access (night)|High-risk action: admin_operation|Unapproved resource: File_Share,1,Security,Developer,admin,2025-10-04,24,True
USR00026,stephen.bhat,file_access,Customer_Vault,high,success,business_hours,2026-01-29 10:54:05,70,HIGH,Sensitive resource (high)|Unapproved resource: Customer_Vault|Account inactive 33 days,1,Finance,Director,user,2022-12-14,33,True
USR00015,sophia.white,admin_operation,Customer_Vault,high,success,business_hours,2026-01-29 10:54:05,65,HIGH,Sensitive resource (high)|High-risk action: admin_operation|Unapproved resource: Customer_Vault,1,Security,Developer,admin,2025-10-04,24,True
USR00066,ronald.martin,sql_query,HRIS,high,failure,business_hours,2026-01-29 10:54:05,65,HIGH,Sensitive resource (high)|Unapproved resource: HRIS|Access attempt FAILED,1,Security,Specialist,user,2025-12-10,29,True
USR00001,daniel.singh,login,Email_Archive,medium,success,business_hours,2026-01-29 10:54:05,32,LOW,Sensitive resource (medium)|Unapproved resource: Email_Archive,0,Compliance,Lead,user,2024-04-04,20,True
USR00015,sophia.white,login,Customer_Vault,high,success,business_hours,2026-01-29 10:54:05,47,MEDIUM,Sensitive resource (high)|Unapproved resource: Customer_Vault,1,Security,Developer,admin,2025-10-04,24,True
USR00011,maria.o'brien,admin_operation,HRIS,high,success,business_hours,2026-01-29 10:54:05,95,CRITICAL,Sensitive resource (high)|High-risk action: admin_operation|Unapproved resource: HRIS|User privilege doing admin action,1,Security,Administrator,user,2025-09-10,16,True
USR00049,thomas.kang,login,PROD_DB,high,success,night,2026-01-29 10:54:06,67,HIGH,Off-hours access (night)|Sensitive resource (high)|Unapproved resource: PROD_DB,1,Engineering,Administrator,user,2022-08-24,24,True
USR00080,david.rodriguez,export_data,Email_Archive,medium,success,night,2026-01-29 10:54:06,95,CRITICAL,Off-hours access (night)|Sensitive resource (medium)|High-risk action: export_data|Unapproved resource: Email_Archive|Account inactive 43 days,1,HR,Developer,service-account,2023-04-22,43,True
USR00030,yuki.meyer,api_call,Customer_Vault,high,failure,business_hours,2026-01-29 10:54:06,68,HIGH,Sensitive resource (high)|Unapproved resource: Customer_Vault|Access attempt FAILED,1,Marketing,Manager,service-account,2025-04-07,24,True
USR00057,zainab.jo,file_access,Data_Lake,medium,success,unusual_hours,2026-01-29 10:54:06,55,MEDIUM,Off-hours access (unusual_hours)|Sensitive resource (medium)|Unapproved resource: Data_Lake,1,Sales,Architect,admin,2024-06-15,14,True
USR00008,thomas.iyer,api_call,Data_Lake,medium,success,business_hours,2026-01-29 10:54:06,58,MEDIUM,Sensitive resource (medium)|Unapproved resource: Data_Lake|Account inactive 57 days,1,Sales,Administrator,user,2022-04-27,57,True
USR00096,edward.thomas,file_access,Customer_Vault,high,success,unusual_hours,2026-01-29 10:54:06,70,HIGH,Off-hours access (unusual_hours)|Sensitive resource (high)|Unapproved resource: Customer_Vault,1,Operations,Officer,service-account,2023-04-08,24,True
USR00010,jacob.patel,login,Customer_Vault,high,success,business_hours,2026-01-29 10:54:06,47,MEDIUM,Sensitive resource (high)|Unapproved resource: Customer_Vault,1,Marketing,Architect,user,2025-09-20,1,True
USR00063,daniel.colombo,admin_operation,File_Share,low,success,night,2026-01-30 10:54:05,80,HIGH,Off-hours access (night)|High-risk action: admin_operation|Unapproved resource: File_Share|Account inactive 52 days,1,Sales,Specialist,power-user,2025-03-04,52,True
USR00035,nikhil.rao,admin_operation,Customer_Vault,high,success,business_hours,2026-01-30 10:54:05,85,CRITICAL,Sensitive resource (high)|High-risk action: admin_operation|Unapproved resource: Customer_Vault|Account inactive 56 days,1,Executive,Lead,admin,2025-07-05,56,True
USR00053,timothy.jo,export_data,Customer_Vault,high,success,business_hours,2026-01-30 10:54:05,70,HIGH,Sensitive resource (high)|High-risk action: export_data|Unapproved resource: Customer_Vault,1,Engineering,Engineer,user,2025-09-20,11,True
USR00011,maria.o'brien,file_access,File_Share,low,success,business_hours,2026-01-30 10:54:05,25,LOW,Unapproved resource: File_Share,0,Security,Administrator,user,2025-09-10,16,True
USR00046,deepika.li,export_data,Admin_Console,medium,success,unusual_hours,2026-01-30 10:54:06,95,CRITICAL,Off-hours access (unusual_hours)|Sensitive resource (medium)|High-risk action: export_data|Unapproved resource: Admin_Console|Account inactive 48 days,1,Support,Manager,user,2024-07-14,48,True
USR00059,thomas.lewis,file_access,Admin_Console,medium,success,business_hours,2026-01-30 10:54:06,55,MEDIUM,Sensitive resource (medium)|Unapproved resource: Admin_Console|Account inactive 58 days,1,Finance,Director,power-user,2024-08-12,58,True
USR00077,neha.taylor,file_access,GL_System,high,success,business_hours,2026-01-30 10:54:06,50,MEDIUM,Sensitive resource (high)|Unapproved resource: GL_System,1,Finance,Architect,power-user,2023-08-29,11,True
USR00092,charles.sullivan,file_access,PROD_DB,high,success,unusual_hours,2026-01-30 10:54:06,70,HIGH,Off-hours access (unusual_hours)|Sensitive resource (high)|Unapproved resource: PROD_DB,1,IT,Executive,user,2025-12-05,28,True
USR00043,matthew.bernard,sql_query,Email_Archive,medium,failure,business_hours,2026-01-30 10:54:06,70,HIGH,Sensitive resource (medium)|Unapproved resource: Email_Archive|Access attempt FAILED|Account inactive 33 days,1,Operations,Coordinator,power-user,2024-11-02,33,True
USR00093,nadia.muller,admin_operation,HRIS,high,success,business_hours,2026-01-30 10:54:06,100,CRITICAL,Sensitive resource (high)|High-risk action: admin_operation|Unapproved resource: HRIS|User privilege doing admin action|Account inactive 46 days,1,Sales,Director,user,2024-02-07,46,True
USR00011,maria.o'brien,login,Email_Archive,medium,success,business_hours,2026-01-31 10:54:05,32,LOW,Sensitive resource (medium)|Unapproved resource: Email_Archive,0,Security,Administrator,user,2025-09-10,16,True
USR00036,nicholas.harris,login,PROD_DB,high,success,business_hours,2026-01-31 10:54:05,67,HIGH,Sensitive resource (high)|Unapproved resource: PROD_DB|Account inactive 40 days,1,Marketing,Analyst,user,2025-11-25,40,True
USR00011,maria.o'brien,admin_operation,Customer_Vault,high,success,business_hours,2026-01-31 10:54:05,95,CRITICAL,Sensitive resource (high)|High-risk action: admin_operation|Unapproved resource: Customer_Vault|User privilege doing admin action,1,Security,Administrator,user,2025-09-10,16,True
USR00018,meera.burke,admin_operation,HRIS,high,success,business_hours,2026-01-31 10:54:05,85,CRITICAL,Sensitive resource (high)|High-risk action: admin_operation|Unapproved resource: HRIS|Account inactive 59 days,1,Operations,Executive,power-user,2025-10-04,59,True
USR00054,edward.smith,sql_query,PROD_DB,high,success,business_hours,2026-01-31 10:54:05,50,MEDIUM,Sensitive resource (high)|Unapproved resource: PROD_DB,1,Support,Specialist,user,2023-07-28,12,True
USR00021,rohan.harris,admin_operation,SIEM,medium,success,business_hours,2026-01-31 10:54:06,100,CRITICAL,Sensitive resource (medium)|High-risk action: admin_operation|Unapproved resource: SIEM|User privilege doing admin action|Account inactive 33 days,1,Marketing,Executive,user,2022-12-22,33,True
USR00049,thomas.kang,login,Data_Lake,medium,success,business_hours,2026-01-31 10:54:06,32,LOW,Sensitive resource (medium)|Unapproved resource: Data_Lake,0,Engineering,Administrator,user,2022-08-24,24,True
USR00034,harsh.jones,sql_query,Customer_Vault,high,success,business_hours,2026-01-31 10:54:06,70,HIGH,Sensitive resource (high)|Unapproved resource: Customer_Vault|Account inactive 43 days,1,Operations,Specialist,service-account,2024-10-23,43,True
USR00095,priya.petit,export_data,SIEM,medium,success,business_hours,2026-01-31 10:54:06,55,MEDIUM,Sensitive resource (medium)|High-risk action: export_data|Unapproved resource: SIEM,1,HR,Architect,user,2023-04-28,20,True
USR00072,amitabh.park,api_call,File_Share,low,success,business_hours,2026-01-31 10:54:06,48,MEDIUM,Unapproved resource: File_Share|Account inactive 44 days,1,Legal,Analyst,user,2025-12-13,44,True
USR00079,varun.weber,api_call,Email_Archive,medium,success,business_hours,2026-02-01 10:54:05,58,MEDIUM,Sensitive resource (medium)|Unapproved resource: Email_Archive|Account inactive 52 days,1,Engineering,Engineer,user,2025-02-10,52,True
USR00017,diya.schulz,sql_query,PROD_DB,high,success,business_hours,2026-02-01 10:54:05,70,HIGH,Sensitive resource (high)|Unapproved resource: PROD_DB|Account inactive 46 days,1,Executive,Manager,power-user,2025-04-02,46,True
USR00014,david.thomas,admin_operation,GL_System,high,success,unusual_hours,2026-02-01 10:54:05,100,CRITICAL,Off-hours access (unusual_hours)|Sensitive resource (high)|High-risk action: admin_operation|Unapproved resource: GL_System|User privilege doing admin action,1,Support,Architect,user,2025-06-17,2,True
USR00088,william.jang,sql_query,Admin_Console,medium,success,unusual_hours,2026-02-01 10:54:05,75,HIGH,Off-hours access (unusual_hours)|Sensitive resource (medium)|Unapproved resource: Admin_Console|Account inactive 36 days,1,Engineering,Engineer,admin,2024-10-14,36,True
USR00046,deepika.li,export_data,HRIS,high,success,business_hours,2026-02-01 10:54:05,90,CRITICAL,Sensitive resource (high)|High-risk action: export_data|Unapproved resource: HRIS|Account inactive 48 days,1,Support,Manager,user,2024-07-14,48,True
USR00030,yuki.meyer,export_data,Email_Archive,medium,success,business_hours,2026-02-01 10:54:05,55,MEDIUM,Sensitive resource (medium)|High-risk action: export_data|Unapproved resource: Email_Archive,1,Marketing,Manager,service-account,2025-04-07,24,True
USR00048,xiulan.colombo,sql_query,PROD_DB,high,success,business_hours,2026-02-01 10:54:05,70,HIGH,Sensitive resource (high)|Unapproved resource: PROD_DB|Account inactive 34 days,1,Compliance,Administrator,user,2023-10-28,34,True
USR00007,robert.smith,export_data,HRIS,high,success,business_hours,2026-02-01 10:54:05,90,CRITICAL,Sensitive resource (high)|High-risk action: export_data|Unapproved resource: HRIS|Account inactive 44 days,1,Operations,Lead,user,2025-05-25,44,True
USR00042,kenneth.sanchez,file_access,Data_Lake,medium,success,unusual_hours,2026-02-01 10:54:05,75,HIGH,Off-hours access (unusual_hours)|Sensitive resource (medium)|Unapproved resource: Data_Lake|Account inactive 46 days,1,Support,Engineer,user,2023-12-06,46,True
USR00067,donald.wang,admin_operation,GL_System,high,success,business_hours,2026-02-01 10:54:05,100,CRITICAL,Sensitive resource (high)|High-risk action: admin_operation|Unapproved resource: GL_System|User privilege doing admin action|Account inactive 54 days,1,Marketing,Manager,user,2023-07-01,54,True
USR00080,david.rodriguez,login,Data_Lake,medium,success,business_hours,2026-02-01 10:54:06,52,MEDIUM,Sensitive resource (medium)|Unapproved resource: Data_Lake|Account inactive 43 days,1,HR,Developer,service-account,2023-04-22,43,True
USR00077,neha.taylor,sql_query,Email_Archive,medium,success,business_hours,2026-02-01 10:54:06,35,LOW,Sensitive resource (medium)|Unapproved resource: Email_Archive,0,Finance,Architect,power-user,2023-08-29,11,True
USR00038,aisha.kim,sql_query,SIEM,medium,success,night,2026-02-01 10:54:06,55,MEDIUM,Off-hours access (night)|Sensitive resource (medium)|Unapproved resource: SIEM,1,Compliance,Engineer,user,2022-07-14,5,True
USR00039,stephen.bhat,sql_query,SIEM,medium,success,business_hours,2026-02-01 10:54:06,35,LOW,Sensitive resource (medium)|Unapproved resource: SIEM,0,Engineering,Engineer,user,2023-09-11,25,True
USR00060,vikram.gonzalez,export_data,Data_Lake,medium,success,business_hours,2026-02-01 10:54:06,55,MEDIUM,Sensitive resource (medium)|High-risk action: export_data|Unapproved resource: Data_Lake,1,Sales,Developer,power-user,2022-06-14,4,True
USR00062,nisha.jones,file_access,BI_Tool,low,success,unusual_hours,2026-02-01 10:54:06,65,HIGH,Off-hours access (unusual_hours)|Unapproved resource: BI_Tool|Account inactive 36 days,1,Marketing,Coordinator,power-user,2023-10-20,36,True
USR00067,donald.wang,login,BI_Tool,low,success,business_hours,2026-02-01 10:54:06,42,MEDIUM,Unapproved resource: BI_Tool|Account inactive 54 days,1,Marketing,Manager,user,2023-07-01,54,True
USR00018,meera.burke,sql_query,GL_System,high,success,night,2026-02-01 10:54:06,90,CRITICAL,Off-hours access (night)|Sensitive resource (high)|Unapproved resource: GL_System|Account inactive 59 days,1,Operations,Executive,power-user,2025-10-04,59,True
USR00008,thomas.iyer,file_access,Data_Lake,medium,success,business_hours,2026-02-02 10:54:05,55,MEDIUM,Sensitive resource (medium)|Unapproved resource: Data_Lake|Account inactive 57 days,1,Sales,Administrator,user,2022-04-27,57,True
USR00039,stephen.bhat,api_call,BI_Tool,low,success,business_hours,2026-02-02 10:54:05,28,LOW,Unapproved resource: BI_Tool,0,Engineering,Engineer,user,2023-09-11,25,True
USR00055,neha.johnson,sql_query,PROD_DB,high,success,unusual_hours,2026-02-02 10:54:05,90,CRITICAL,Off-hours access (unusual_hours)|Sensitive resource (high)|Unapproved resource: PROD_DB|Account inactive 49 days,1,Sales,Analyst,user,2025-05-20,49,True
USR00054,edward.smith,export_data,File_Share,low,success,business_hours,2026-02-02 10:54:05,45,MEDIUM,High-risk action: export_data|Unapproved resource: File_Share,1,Support,Specialist,user,2023-07-28,12,True
USR00047,george.clark,export_data,PROD_DB,high,failure,business_hours,2026-02-02 10:54:06,100,CRITICAL,Sensitive resource (high)|High-risk action: export_data|Unapproved resource: PROD_DB|Access attempt FAILED|Account inactive 55 days,1,Engineering,Lead,power-user,2024-04-12,55,True
USR00088,william.jang,admin_operation,BI_Tool,low,success,night,2026-02-02 10:54:06,80,HIGH,Off-hours access (night)|High-risk action: admin_operation|Unapproved resource: BI_Tool|Account inactive 36 days,1,Engineering,Engineer,admin,2024-10-14,36,True
USR00085,varun.rao,export_data,BI_Tool,low,success,business_hours,2026-02-02 10:54:06,65,HIGH,High-risk action: export_data|Unapproved resource: BI_Tool|Account inactive 44 days,1,Marketing,Developer,user,2022-07-24,44,True
USR00010,jacob.patel,export_data,Customer_Vault,high,success,unusual_hours,2026-02-02 10:54:06,90,CRITICAL,Off-hours access (unusual_hours)|Sensitive resource (high)|High-risk action: export_data|Unapproved resource: Customer_Vault,1,Marketing,Architect,user,2025-09-20,1,True
USR00050,nisha.martinez,login,HRIS,high,success,business_hours,2026-02-02 10:54:06,47,MEDIUM,Sensitive resource (high)|Unapproved resource: HRIS,1,HR,Architect,user,2024-02-19,25,True
USR00056,william.kumar,export_data,PROD_DB,high,success,business_hours,2026-02-03 10:54:05,90,CRITICAL,Sensitive resource (high)|High-risk action: export_data|Unapproved resource: PROD_DB|Account inactive 58 days,1,Compliance,Manager,user,2023-09-13,58,True
USR00022,harsh.patel,admin_operation,Admin_Console,medium,success,business_hours,2026-02-03 10:54:06,100,CRITICAL,Sensitive resource (medium)|High-risk action: admin_operation|Unapproved resource: Admin_Console|User privilege doing admin action|Account inactive 52 days,1,Legal,Specialist,user,2025-04-22,52,True
USR00071,richard.johnson,login,Customer_Vault,high,success,weekend,2026-02-03 10:54:06,47,MEDIUM,Sensitive resource (high)|Unapproved resource: Customer_Vault,1,HR,Administrator,user,2022-03-25,23,True
USR00080,david.rodriguez,login,HRIS,high,success,business_hours,2026-02-03 10:54:06,67,HIGH,Sensitive resource (high)|Unapproved resource: HRIS|Account inactive 43 days,1,HR,Developer,service-account,2023-04-22,43,True
USR00093,nadia.muller,admin_operation,BI_Tool,low,success,business_hours,2026-02-04 10:54:05,90,CRITICAL,High-risk action: admin_operation|Unapproved resource: BI_Tool|User privilege doing admin action|Account inactive 46 days,1,Sales,Director,user,2024-02-07,46,True
USR00017,diya.schulz,sql_query,HRIS,high,success,business_hours,2026-02-04 10:54:05,70,HIGH,Sensitive resource (high)|Unapproved resource: HRIS|Account inactive 46 days,1,Executive,Manager,power-user,2025-04-02,46,True
USR00037,ronald.wilson,api_call,Data_Lake,medium,success,unusual_hours,2026-02-04 10:54:05,58,MEDIUM,Off-hours access (unusual_hours)|Sensitive resource (medium)|Unapproved resource: Data_Lake,1,Finance,Coordinator,power-user,2024-03-06,25,True
USR00001,daniel.singh,export_data,SIEM,medium,failure,business_hours,2026-02-04 10:54:05,70,HIGH,Sensitive resource (medium)|High-risk action: export_data|Unapproved resource: SIEM|Access attempt FAILED,1,Compliance,Lead,user,2024-04-04,20,True
USR00084,aditya.gupta,export_data,Admin_Console,medium,success,business_hours,2026-02-04 10:54:05,75,HIGH,Sensitive resource (medium)|High-risk action: export_data|Unapproved resource: Admin_Console|Account inactive 59 days,1,Engineering,Analyst,admin,2023-06-17,59,True
USR00093,nadia.muller,admin_operation,Data_Lake,medium,success,business_hours,2026-02-04 10:54:05,100,CRITICAL,Sensitive resource (medium)|High-risk action: admin_operation|Unapproved resource: Data_Lake|User privilege doing admin action|Account inactive 46 days,1,Sales,Director,user,2024-02-07,46,True
USR00070,jeffrey.chen,login,Customer_Vault,high,success,weekend,2026-02-04 10:54:05,47,MEDIUM,Sensitive resource (high)|Unapproved resource: Customer_Vault,1,IT,Administrator,power-user,2024-02-02,19,True
USR00076,stephen.guo,login,Admin_Console,medium,success,weekend,2026-02-04 10:54:06,32,LOW,Sensitive resource (medium)|Unapproved resource: Admin_Console,0,Finance,Lead,user,2025-10-30,8,True
USR00071,richard.johnson,sql_query,GL_System,high,success,business_hours,2026-02-04 10:54:06,50,MEDIUM,Sensitive resource (high)|Unapproved resource: GL_System,1,HR,Administrator,user,2022-03-25,23,True
USR00003,sanjana.li,file_access,Email_Archive,medium,success,unusual_hours,2026-02-04 10:54:06,55,MEDIUM,Off-hours access (unusual_hours)|Sensitive resource (medium)|Unapproved resource: Email_Archive,1,Marketing,Director,user,2023-04-21,13,True
USR00040,nicholas.romano,sql_query,Email_Archive,medium,success,business_hours,2026-02-04 10:54:06,55,MEDIUM,Sensitive resource (medium)|Unapproved resource: Email_Archive|Account inactive 52 days,1,Security,Officer,power-user,2023-12-02,52,True
USR00078,christopher.menon,api_call,HRIS,high,success,business_hours,2026-02-04 10:54:06,53,MEDIUM,Sensitive resource (high)|Unapproved resource: HRIS,1,Executive,Officer,service-account,2023-01-02,22,True
USR00040,nicholas.romano,sql_query,SIEM,medium,success,business_hours,2026-02-04 10:54:06,55,MEDIUM,Sensitive resource (medium)|Unapproved resource: SIEM|Account inactive 52 days,1,Security,Officer,power-user,2023-12-02,52,True
USR00092,charles.sullivan,api_call,Customer_Vault,high,success,business_hours,2026-02-04 10:54:06,53,MEDIUM,Sensitive resource (high)|Unapproved resource: Customer_Vault,1,IT,Executive,user,2025-12-05,28,True
USR00012,vikram.white,login,HRIS,high,success,business_hours,2026-02-05 10:54:05,47,MEDIUM,Sensitive resource (high)|Unapproved resource: HRIS,1,Operations,Director,service-account,2024-12-04,25,True
USR00099,maria.bianchi,sql_query,GL_System,high,success,business_hours,2026-02-05 10:54:05,70,HIGH,Sensitive resource (high)|Unapproved resource: GL_System|Account inactive 40 days,1,Marketing,Officer,service-account,2025-10-01,40,True
USR00018,meera.burke,login,Customer_Vault,high,success,business_hours,2026-02-05 10:54:05,67,HIGH,Sensitive resource (high)|Unapproved resource: Customer_Vault|Account inactive 59 days,1,Operations,Executive,power-user,2025-10-04,59,True
USR00088,william.jang,login,GL_System,high,success,unusual_hours,2026-02-05 10:54:05,87,CRITICAL,Off-hours access (unusual_hours)|Sensitive resource (high)|Unapproved resource: GL_System|Account inactive 36 days,1,Engineering,Engineer,admin,2024-10-14,36,True
USR00034,harsh.jones,admin_operation,Admin_Console,medium,success,unusual_hours,2026-02-05 10:54:06,90,CRITICAL,Off-hours access (unusual_hours)|Sensitive resource (medium)|High-risk action: admin_operation|Unapproved resource: Admin_Console|Account inactive 43 days,1,Operations,Specialist,service-account,2024-10-23,43,True
USR00027,pooja.sullivan,admin_operation,BI_Tool,low,success,night,2026-02-06 10:54:05,80,HIGH,Off-hours access (night)|High-risk action: admin_operation|Unapproved resource: BI_Tool|Account inactive 34 days,1,Support,Lead,admin,2024-02-21,34,True
USR00013,jonathan.jackson,export_data,BI_Tool,low,success,business_hours,2026-02-06 10:54:05,65,HIGH,High-risk action: export_data|Unapproved resource: BI_Tool|Account inactive 34 days,1,Sales,Administrator,user,2022-05-30,34,True
USR00075,timothy.huang,api_call,SIEM,medium,success,business_hours,2026-02-06 10:54:06,38,LOW,Sensitive resource (medium)|Unapproved resource: SIEM,0,Sales,Manager,user,2023-12-15,21,True
USR00014,david.thomas,sql_query,HRIS,high,success,business_hours,2026-02-06 10:54:06,50,MEDIUM,Sensitive resource (high)|Unapproved resource: HRIS,1,Support,Architect,user,2025-06-17,2,True
USR00036,nicholas.harris,api_call,HRIS,high,success,unusual_hours,2026-02-06 10:54:06,93,CRITICAL,Off-hours access (unusual_hours)|Sensitive resource (high)|Unapproved resource: HRIS|Account inactive 40 days,1,Marketing,Analyst,user,2025-11-25,40,True
USR00033,michael.sharma,sql_query,PROD_DB,high,success,business_hours,2026-02-06 10:54:06,50,MEDIUM,Sensitive resource (high)|Unapproved resource: PROD_DB,1,Legal,Officer,power-user,2023-06-10,26,True
USR00001,daniel.singh,admin_operation,SIEM,medium,success,business_hours,2026-02-06 10:54:06,80,HIGH,Sensitive resource (medium)|High-risk action: admin_operation|Unapproved resource: SIEM|User privilege doing admin action,1,Compliance,Lead,user,2024-04-04,20,True
USR00019,joshua.white,admin_operation,HRIS,high,success,business_hours,2026-02-06 10:54:06,95,CRITICAL,Sensitive resource (high)|High-risk action: admin_operation|Unapproved resource: HRIS|User privilege doing admin action,1,Finance,Coordinator,user,2024-06-20,2,True
USR00056,william.kumar,file_access,File_Share,low,success,unusual_hours,2026-02-06 10:54:06,65,HIGH,Off-hours access (unusual_hours)|Unapproved resource: File_Share|Account inactive 58 days,1,Compliance,Manager,user,2023-09-13,58,True
USR00099,maria.bianchi,export_data,File_Share,low,success,unusual_hours,2026-02-06 10:54:06,85,CRITICAL,Off-hours access (unusual_hours)|High-risk action: export_data|Unapproved resource: File_Share|Account inactive 40 days,1,Marketing,Officer,service-account,2025-10-01,40,True
USR00038,aisha.kim,sql_query,GL_System,high,success,business_hours,2026-02-06 10:54:06,50,MEDIUM,Sensitive resource (high)|Unapproved resource: GL_System,1,Compliance,Engineer,user,2022-07-14,5,True
USR00013,jonathan.jackson,file_access,File_Share,low,success,business_hours,2026-02-07 10:54:05,45,MEDIUM,Unapproved resource: File_Share|Account inactive 34 days,1,Sales,Administrator,user,2022-05-30,34,True
USR00019,joshua.white,admin_operation,PROD_DB,high,success,unusual_hours,2026-02-07 10:54:05,100,CRITICAL,Off-hours access (unusual_hours)|Sensitive resource (high)|High-risk action: admin_operation|Unapproved resource: PROD_DB|User privilege doing admin action,1,Finance,Coordinator,user,2024-06-20,2,True
USR00050,nisha.martinez,admin_operation,PROD_DB,high,success,business_hours,2026-02-07 10:54:06,95,CRITICAL,Sensitive resource (high)|High-risk action: admin_operation|Unapproved resource: PROD_DB|User privilege doing admin action,1,HR,Architect,user,2024-02-19,25,True
USR00003,sanjana.li,export_data,GL_System,high,success,business_hours,2026-02-07 10:54:06,70,HIGH,Sensitive resource (high)|High-risk action: export_data|Unapproved resource: GL_System,1,Marketing,Director,user,2023-04-21,13,True
USR00076,stephen.guo,admin_operation,GL_System,high,success,business_hours,2026-02-07 10:54:06,95,CRITICAL,Sensitive resource (high)|High-risk action: admin_operation|Unapproved resource: GL_System|User privilege doing admin action,1,Finance,Lead,user,2025-10-30,8,True
USR00079,varun.weber,sql_query,Email_Archive,medium,success,business_hours,2026-02-07 10:54:06,55,MEDIUM,Sensitive resource (medium)|Unapproved resource: Email_Archive|Account inactive 52 days,1,Engineering,Engineer,user,2025-02-10,52,True
USR00011,maria.o'brien,api_call,GL_System,high,success,business_hours,2026-02-07 10:54:06,53,MEDIUM,Sensitive resource (high)|Unapproved resource: GL_System,1,Security,Administrator,user,2025-09-10,16,True
USR00026,stephen.bhat,api_call,Customer_Vault,high,success,night,2026-02-07 10:54:06,93,CRITICAL,Off-hours access (night)|Sensitive resource (high)|Unapproved resource: Customer_Vault|Account inactive 33 days,1,Finance,Director,user,2022-12-14,33,True
USR00094,donald.schulz,api_call,PROD_DB,high,success,weekend,2026-02-07 10:54:06,53,MEDIUM,Sensitive resource (high)|Unapproved resource: PROD_DB,1,Sales,Officer,user,2024-01-04,28,True
USR00066,ronald.martin,login,Data_Lake,medium,success,business_hours,2026-02-07 10:54:06,32,LOW,Sensitive resource (medium)|Unapproved resource: Data_Lake,0,Security,Specialist,user,2025-12-10,29,True
USR00076,stephen.guo,login,Email_Archive,medium,success,business_hours,2026-02-07 10:54:06,32,LOW,Sensitive resource (medium)|Unapproved resource: Email_Archive,0,Finance,Lead,user,2025-10-30,8,True
USR00088,william.jang,api_call,GL_System,high,success,business_hours,2026-02-08 10:54:05,73,HIGH,Sensitive resource (high)|Unapproved resource: GL_System|Account inactive 36 days,1,Engineering,Engineer,admin,2024-10-14,36,True
USR00012,vikram.white,api_call,Data_Lake,medium,success,weekend,2026-02-08 10:54:05,38,LOW,Sensitive resource (medium)|Unapproved resource: Data_Lake,0,Operations,Director,service-account,2024-12-04,25,True
USR00061,sophia.hernandez,api_call,PROD_DB,high,success,night,2026-02-08 10:54:06,93,CRITICAL,Off-hours access (night)|Sensitive resource (high)|Unapproved resource: PROD_DB|Account inactive 35 days,1,Support,Developer,user,2023-04-13,35,True
USR00066,ronald.martin,file_access,HRIS,high,success,business_hours,2026-02-08 10:54:06,50,MEDIUM,Sensitive resource (high)|Unapproved resource: HRIS,1,Security,Specialist,user,2025-12-10,29,True
USR00044,pooja.mishra,file_access,Admin_Console,medium,failure,business_hours,2026-02-08 10:54:06,70,HIGH,Sensitive resource (medium)|Unapproved resource: Admin_Console|Access attempt FAILED|Account inactive 59 days,1,Finance,Developer,admin,2023-11-18,59,True
USR00074,mark.he,login,Admin_Console,medium,success,business_hours,2026-02-08 10:54:06,32,LOW,Sensitive resource (medium)|Unapproved resource: Admin_Console,0,Security,Officer,user,2022-03-26,0,True
USR00000,pooja.murphy,file_access,Email_Archive,medium,success,business_hours,2026-02-09 10:54:05,55,MEDIUM,Sensitive resource (medium)|Unapproved resource: Email_Archive|Account inactive 59 days,1,Executive,Developer,user,2024-12-21,59,True
USR00075,timothy.huang,api_call,Data_Lake,medium,success,night,2026-02-09 10:54:05,58,MEDIUM,Off-hours access (night)|Sensitive resource (medium)|Unapproved resource: Data_Lake,1,Sales,Manager,user,2023-12-15,21,True
USR00021,rohan.harris,export_data,Customer_Vault,high,success,business_hours,2026-02-09 10:54:05,90,CRITICAL,Sensitive resource (high)|High-risk action: export_data|Unapproved resource: Customer_Vault|Account inactive 33 days,1,Marketing,Executive,user,2022-12-22,33,True
USR00070,jeffrey.chen,export_data,Admin_Console,medium,success,business_hours,2026-02-09 10:54:05,55,MEDIUM,Sensitive resource (medium)|High-risk action: export_data|Unapproved resource: Admin_Console,1,IT,Administrator,power-user,2024-02-02,19,True
USR00096,edward.thomas,login,Customer_Vault,high,success,business_hours,2026-02-09 10:54:05,47,MEDIUM,Sensitive resource (high)|Unapproved resource: Customer_Vault,1,Operations,Officer,service-account,2023-04-08,24,True
USR00003,sanjana.li,login,Data_Lake,medium,success,business_hours,2026-02-09 10:54:05,32,LOW,Sensitive resource (medium)|Unapproved resource: Data_Lake,0,Marketing,Director,user,2023-04-21,13,True
USR00040,nicholas.romano,admin_operation,Admin_Console,medium,success,weekend,2026-02-09 10:54:06,70,HIGH,Sensitive resource (medium)|High-risk action: admin_operation|Unapproved resource: Admin_Console|Account inactive 52 days,1,Security,Officer,power-user,2023-12-02,52,True
USR00034,harsh.jones,login,GL_System,high,success,business_hours,2026-02-09 10:54:06,67,HIGH,Sensitive resource (high)|Unapproved resource: GL_System|Account inactive 43 days,1,Operations,Specialist,service-account,2024-10-23,43,True
USR00089,isha.chen,export_data,Email_Archive,medium,success,unusual_hours,2026-02-09 10:54:06,75,HIGH,Off-hours access (unusual_hours)|Sensitive resource (medium)|High-risk action: export_data|Unapproved resource: Email_Archive,1,Compliance,Coordinator,service-account,2025-06-09,18,True
USR00062,nisha.jones,file_access,Admin_Console,medium,success,business_hours,2026-02-10 10:54:05,55,MEDIUM,Sensitive resource (medium)|Unapproved resource: Admin_Console|Account inactive 36 days,1,Marketing,Coordinator,power-user,2023-10-20,36,True
USR00008,thomas.iyer,sql_query,SIEM,medium,success,weekend,2026-02-10 10:54:05,55,MEDIUM,Sensitive resource (medium)|Unapproved resource: SIEM|Account inactive 57 days,1,Sales,Administrator,user,2022-04-27,57,True
USR00029,zainab.wagner,admin_operation,File_Share,low,success,business_hours,2026-02-10 10:54:05,90,CRITICAL,High-risk action: admin_operation|Unapproved resource: File_Share|User privilege doing admin action|Account inactive 35 days,1,Support,Engineer,user,2023-12-12,35,True
USR00072,amitabh.park,login,Data_Lake,medium,success,unusual_hours,2026-02-10 10:54:06,72,HIGH,Off-hours access (unusual_hours)|Sensitive resource (medium)|Unapproved resource: Data_Lake|Account inactive 44 days,1,Legal,Analyst,user,2025-12-13,44,True
USR00023,isha.jones,sql_query,Admin_Console,medium,success,unusual_hours,2026-02-10 10:54:06,75,HIGH,Off-hours access (unusual_hours)|Sensitive resource (medium)|Unapproved resource: Admin_Console|Account inactive 55 days,1,Legal,Director,power-user,2024-03-25,55,True
USR00080,david.rodriguez,api_call,PROD_DB,high,failure,business_hours,2026-02-10 10:54:06,88,CRITICAL,Sensitive resource (high)|Unapproved resource: PROD_DB|Access attempt FAILED|Account inactive 43 days,1,HR,Developer,service-account,2023-04-22,43,True
USR00097,leila.lopez,admin_operation,Customer_Vault,high,success,business_hours,2026-02-10 10:54:06,100,CRITICAL,Sensitive resource (high)|High-risk action: admin_operation|Unapproved resource: Customer_Vault|User privilege doing admin action|Account inactive 43 days,1,IT,Executive,user,2025-01-27,43,True
USR00008,thomas.iyer,admin_operation,Data_Lake,medium,success,business_hours,2026-02-10 10:54:06,100,CRITICAL,Sensitive resource (medium)|High-risk action: admin_operation|Unapproved resource: Data_Lake|User privilege doing admin action|Account inactive 57 days,1,Sales,Administrator,user,2022-04-27,57,True
USR00070,jeffrey.chen,sql_query,Data_Lake,medium,success,business_hours,2026-02-10 10:54:06,35,LOW,Sensitive resource (medium)|Unapproved resource: Data_Lake,0,IT,Administrator,power-user,2024-02-02,19,True
USR00092,charles.sullivan,sql_query,GL_System,high,success,business_hours,2026-02-10 10:54:06,50,MEDIUM,Sensitive resource (high)|Unapproved resource: GL_System,1,IT,Executive,user,2025-12-05,28,True
USR00035,nikhil.rao,admin_operation,PROD_DB,high,success,weekend,2026-02-10 10:54:06,40,MEDIUM,Sensitive resource (high)|High-risk action: admin_operation|Account inactive 56 days,1,Executive,Lead,admin,2025-07-05,56,True
USR00047,george.clark,login,Data_Lake,medium,success,business_hours,2026-02-11 10:54:05,52,MEDIUM,Sensitive resource (medium)|Unapproved resource: Data_Lake|Account inactive 55 days,1,Engineering,Lead,power-user,2024-04-12,55,True
USR00011,maria.o'brien,admin_operation,BI_Tool,low,success,unusual_hours,2026-02-11 10:54:05,90,CRITICAL,Off-hours access (unusual_hours)|High-risk action: admin_operation|Unapproved resource: BI_Tool|User privilege doing admin action,1,Security,Administrator,user,2025-09-10,16,True
USR00025,diya.romano,file_access,SIEM,medium,success,business_hours,2026-02-11 10:54:05,35,LOW,Sensitive resource (medium)|Unapproved resource: SIEM,0,Marketing,Coordinator,power-user,2022-06-12,13,True
USR00046,deepika.li,admin_operation,Email_Archive,medium,success,business_hours,2026-02-11 10:54:05,100,CRITICAL,Sensitive resource (medium)|High-risk action: admin_operation|Unapproved resource: Email_Archive|User privilege doing admin action|Account inactive 48 days,1,Support,Manager,user,2024-07-14,48,True
USR00011,maria.o'brien,file_access,GL_System,high,success,business_hours,2026-02-11 10:54:06,50,MEDIUM,Sensitive resource (high)|Unapproved resource: GL_System,1,Security,Administrator,user,2025-09-10,16,True
USR00051,meera.quinn,sql_query,HRIS,high,success,business_hours,2026-02-11 10:54:06,50,MEDIUM,Sensitive resource (high)|Unapproved resource: HRIS,1,Executive,Developer,user,2025-01-26,30,True
USR00031,amitabh.taylor,api_call,GL_System,high,success,business_hours,2026-02-12 10:54:05,53,MEDIUM,Sensitive resource (high)|Unapproved resource: GL_System,1,Finance,Director,power-user,2024-01-24,30,True
USR00039,stephen.bhat,login,Email_Archive,medium,success,business_hours,2026-02-12 10:54:05,32,LOW,Sensitive resource (medium)|Unapproved resource: Email_Archive,0,Engineering,Engineer,user,2023-09-11,25,True
USR00020,karan.white,admin_operation,SIEM,medium,success,weekend,2026-02-12 10:54:06,80,HIGH,Sensitive resource (medium)|High-risk action: admin_operation|Unapproved resource: SIEM|User privilege doing admin action,1,IT,Specialist,user,2023-12-14,25,True
USR00036,nicholas.harris,sql_query,PROD_DB,high,success,business_hours,2026-02-12 10:54:06,70,HIGH,Sensitive resource (high)|Unapproved resource: PROD_DB|Account inactive 40 days,1,Marketing,Analyst,user,2025-11-25,40,True
USR00067,donald.wang,api_call,GL_System,high,success,unusual_hours,2026-02-12 10:54:06,93,CRITICAL,Off-hours access (unusual_hours)|Sensitive resource (high)|Unapproved resource: GL_System|Account inactive 54 days,1,Marketing,Manager,user,2023-07-01,54,True
USR00008,thomas.iyer,login,GL_System,high,success,business_hours,2026-02-12 10:54:06,67,HIGH,Sensitive resource (high)|Unapproved resource: GL_System|Account inactive 57 days,1,Sales,Administrator,user,2022-04-27,57,True
USR00073,joshua.becker,api_call,BI_Tool,low,success,business_hours,2026-02-12 10:54:06,28,LOW,Unapproved resource: BI_Tool,0,Security,Engineer,user,2025-02-03,20,True
USR00029,zainab.wagner,export_data,HRIS,high,success,business_hours,2026-02-13 10:54:05,90,CRITICAL,Sensitive resource (high)|High-risk action: export_data|Unapproved resource: HRIS|Account inactive 35 days,1,Support,Engineer,user,2023-12-12,35,True
USR00001,daniel.singh,login,HRIS,high,success,night,2026-02-13 10:54:05,67,HIGH,Off-hours access (night)|Sensitive resource (high)|Unapproved resource: HRIS,1,Compliance,Lead,user,2024-04-04,20,True
USR00004,diya.anderson,file_access,BI_Tool,low,success,business_hours,2026-02-13 10:54:05,25,LOW,Unapproved resource: BI_Tool,0,Marketing,Administrator,user,2022-10-18,14,True
USR00098,jason.white,sql_query,Email_Archive,medium,success,business_hours,2026-02-13 10:54:05,55,MEDIUM,Sensitive resource (medium)|Unapproved resource: Email_Archive|Account inactive 52 days,1,Compliance,Lead,power-user,2023-04-03,52,True
USR00058,anthony.taylor,login,HRIS,high,failure,business_hours,2026-02-13 10:54:06,82,HIGH,Sensitive resource (high)|Unapproved resource: HRIS|Access attempt FAILED|Account inactive 51 days,1,Finance,Administrator,user,2024-07-06,51,True
USR00035,nikhil.rao,admin_operation,PROD_DB,high,success,business_hours,2026-02-13 10:54:06,40,MEDIUM,Sensitive resource (high)|High-risk action: admin_operation|Account inactive 56 days,1,Executive,Lead,admin,2025-07-05,56,True
USR00069,nikhil.jang,admin_operation,HRIS,high,success,business_hours,2026-02-13 10:54:06,95,CRITICAL,Sensitive resource (high)|High-risk action: admin_operation|Unapproved resource: HRIS|User privilege doing admin action,1,HR,Analyst,user,2023-07-16,30,True
USR00018,meera.burke,api_call,Data_Lake,medium,success,business_hours,2026-02-14 10:54:05,58,MEDIUM,Sensitive resource (medium)|Unapproved resource: Data_Lake|Account inactive 59 days,1,Operations,Executive,power-user,2025-10-04,59,True
USR00074,mark.he,login,Customer_Vault,high,success,unusual_hours,2026-02-14 10:54:05,67,HIGH,Off-hours access (unusual_hours)|Sensitive resource (high)|Unapproved resource: Customer_Vault,1,Security,Officer,user,2022-03-26,0,True
USR00023,isha.jones,login,HRIS,high,success,business_hours,2026-02-14 10:54:05,67,HIGH,Sensitive resource (high)|Unapproved resource: HRIS|Account inactive 55 days,1,Legal,Director,power-user,2024-03-25,55,True
USR00054,edward.smith,file_access,Admin_Console,medium,success,business_hours,2026-02-14 10:54:06,35,LOW,Sensitive resource (medium)|Unapproved resource: Admin_Console,0,Support,Specialist,user,2023-07-28,12,True
USR00017,diya.schulz,sql_query,PROD_DB,high,success,business_hours,2026-02-14 10:54:06,70,HIGH,Sensitive resource (high)|Unapproved resource: PROD_DB|Account inactive 46 days,1,Executive,Manager,power-user,2025-04-02,46,True
USR00060,vikram.gonzalez,admin_operation,HRIS,high,failure,business_hours,2026-02-14 10:54:06,80,HIGH,Sensitive resource (high)|High-risk action: admin_operation|Unapproved resource: HRIS|Access attempt FAILED,1,Sales,Developer,power-user,2022-06-14,4,True
USR00097,leila.lopez,admin_operation,Customer_Vault,high,success,unusual_hours,2026-02-14 10:54:06,100,CRITICAL,Off-hours access (unusual_hours)|Sensitive resource (high)|High-risk action: admin_operation|Unapproved resource: Customer_Vault|User privilege doing admin action|Account inactive 43 days,1,IT,Executive,user,2025-01-27,43,True
USR00088,william.jang,login,BI_Tool,low,success,unusual_hours,2026-02-15 10:54:05,62,MEDIUM,Off-hours access (unusual_hours)|Unapproved resource: BI_Tool|Account inactive 36 days,1,Engineering,Engineer,admin,2024-10-14,36,True
USR00013,jonathan.jackson,export_data,File_Share,low,success,business_hours,2026-02-15 10:54:05,65,HIGH,High-risk action: export_data|Unapproved resource: File_Share|Account inactive 34 days,1,Sales,Administrator,user,2022-05-30,34,True
USR00046,deepika.li,export_data,HRIS,high,success,business_hours,2026-02-15 10:54:05,90,CRITICAL,Sensitive resource (high)|High-risk action: export_data|Unapproved resource: HRIS|Account inactive 48 days,1,Support,Manager,user,2024-07-14,48,True
USR00000,pooja.murphy,file_access,File_Share,low,success,business_hours,2026-02-15 10:54:05,45,MEDIUM,Unapproved resource: File_Share|Account inactive 59 days,1,Executive,Developer,user,2024-12-21,59,True
USR00059,thomas.lewis,export_data,HRIS,high,success,unusual_hours,2026-02-15 10:54:05,100,CRITICAL,Off-hours access (unusual_hours)|Sensitive resource (high)|High-risk action: export_data|Unapproved resource: HRIS|Account inactive 58 days,1,Finance,Director,power-user,2024-08-12,58,True
USR00037,ronald.wilson,file_access,File_Share,low,success,business_hours,2026-02-15 10:54:05,25,LOW,Unapproved resource: File_Share,0,Finance,Coordinator,power-user,2024-03-06,25,True
USR00029,zainab.wagner,file_access,Admin_Console,medium,success,business_hours,2026-02-15 10:54:06,55,MEDIUM,Sensitive resource (medium)|Unapproved resource: Admin_Console|Account inactive 35 days,1,Support,Engineer,user,2023-12-12,35,True
USR00000,pooja.murphy,sql_query,BI_Tool,low,success,business_hours,2026-02-15 10:54:06,45,MEDIUM,Unapproved resource: BI_Tool|Account inactive 59 days,1,Executive,Developer,user,2024-12-21,59,True
USR00014,david.thomas,login,Admin_Console,medium,success,business_hours,2026-02-15 10:54:06,32,LOW,Sensitive resource (medium)|Unapproved resource: Admin_Console,0,Support,Architect,user,2025-06-17,2,True
USR00001,daniel.singh,file_access,GL_System,high,success,night,2026-02-15 10:54:06,70,HIGH,Off-hours access (night)|Sensitive resource (high)|Unapproved resource: GL_System,1,Compliance,Lead,user,2024-04-04,20,True
USR00088,william.jang,api_call,Admin_Console,medium,success,unusual_hours,2026-02-15 10:54:06,78,HIGH,Off-hours access (unusual_hours)|Sensitive resource (medium)|Unapproved resource: Admin_Console|Account inactive 36 days,1,Engineering,Engineer,admin,2024-10-14,36,True
USR00018,meera.burke,admin_operation,GL_System,high,success,business_hours,2026-02-16 10:54:05,85,CRITICAL,Sensitive resource (high)|High-risk action: admin_operation|Unapproved resource: GL_System|Account inactive 59 days,1,Operations,Executive,power-user,2025-10-04,59,True
USR00038,aisha.kim,file_access,BI_Tool,low,success,business_hours,2026-02-16 10:54:05,25,LOW,Unapproved resource: BI_Tool,0,Compliance,Engineer,user,2022-07-14,5,True
USR00031,amitabh.taylor,file_access,GL_System,high,success,unusual_hours,2026-02-16 10:54:05,70,HIGH,Off-hours access (unusual_hours)|Sensitive resource (high)|Unapproved resource: GL_System,1,Finance,Director,power-user,2024-01-24,30,True
USR00055,neha.johnson,admin_operation,SIEM,medium,success,night,2026-02-16 10:54:05,100,CRITICAL,Off-hours access (night)|Sensitive resource (medium)|High-risk action: admin_operation|Unapproved resource: SIEM|User privilege doing admin action|Account inactive 49 days,1,Sales,Analyst,user,2025-05-20,49,True
USR00071,richard.johnson,file_access,Data_Lake,medium,success,business_hours,2026-02-16 10:54:05,35,LOW,Sensitive resource (medium)|Unapproved resource: Data_Lake,0,HR,Administrator,user,2022-03-25,23,True
USR00098,jason.white,login,File_Share,low,success,night,2026-02-16 10:54:05,62,MEDIUM,Off-hours access (night)|Unapproved resource: File_Share|Account inactive 52 days,1,Compliance,Lead,power-user,2023-04-03,52,True
USR00085,varun.rao,api_call,PROD_DB,high,success,business_hours,2026-02-16 10:54:06,73,HIGH,Sensitive resource (high)|Unapproved resource: PROD_DB|Account inactive 44 days,1,Marketing,Developer,user,2022-07-24,44,True
USR00006,kevin.ramirez,admin_operation,BI_Tool,low,failure,business_hours,2026-02-16 10:54:06,75,HIGH,High-risk action: admin_operation|Unapproved resource: BI_Tool|Access attempt FAILED|Account inactive 46 days,1,Legal,Architect,power-user,2024-05-08,46,True
USR00083,ryan.thomas,admin_operation,File_Share,low,success,night,2026-02-16 10:54:06,60,MEDIUM,Off-hours access (night)|High-risk action: admin_operation|Unapproved resource: File_Share,1,Marketing,Executive,service-account,2025-02-21,17,True
USR00082,arjun.hwang,file_access,BI_Tool,low,success,business_hours,2026-02-16 10:54:06,45,MEDIUM,Unapproved resource: BI_Tool|Account inactive 52 days,1,Legal,Manager,admin,2024-09-21,52,True
USR00094,donald.schulz,sql_query,Customer_Vault,high,success,business_hours,2026-02-16 10:54:06,50,MEDIUM,Sensitive resource (high)|Unapproved resource: Customer_Vault,1,Sales,Officer,user,2024-01-04,28,True
USR00030,yuki.meyer,admin_operation,Customer_Vault,high,failure,business_hours,2026-02-16 10:54:06,80,HIGH,Sensitive resource (high)|High-risk action: admin_operation|Unapproved resource: Customer_Vault|Access attempt FAILED,1,Marketing,Manager,service-account,2025-04-07,24,True
USR00007,robert.smith,file_access,HRIS,high,success,weekend,2026-02-16 10:54:06,70,HIGH,Sensitive resource (high)|Unapproved resource: HRIS|Account inactive 44 days,1,Operations,Lead,user,2025-05-25,44,True
USR00068,robert.patel,file_access,BI_Tool,low,success,business_hours,2026-02-17 10:54:05,25,LOW,Unapproved resource: BI_Tool,0,Support,Lead,admin,2024-10-25,7,True
USR00020,karan.white,export_data,PROD_DB,high,success,business_hours,2026-02-17 10:54:05,70,HIGH,Sensitive resource (high)|High-risk action: export_data|Unapproved resource: PROD_DB,1,IT,Specialist,user,2023-12-14,25,True
USR00071,richard.johnson,admin_operation,PROD_DB,high,success,business_hours,2026-02-17 10:54:05,95,CRITICAL,Sensitive resource (high)|High-risk action: admin_operation|Unapproved resource: PROD_DB|User privilege doing admin action,1,HR,Administrator,user,2022-03-25,23,True
USR00074,mark.he,file_access,GL_System,high,success,night,2026-02-17 10:54:05,70,HIGH,Off-hours access (night)|Sensitive resource (high)|Unapproved resource: GL_System,1,Security,Officer,user,2022-03-26,0,True
USR00088,william.jang,api_call,Admin_Console,medium,success,night,2026-02-17 10:54:05,78,HIGH,Off-hours access (night)|Sensitive resource (medium)|Unapproved resource: Admin_Console|Account inactive 36 days,1,Engineering,Engineer,admin,2024-10-14,36,True
USR00041,matthew.huang,sql_query,Admin_Console,medium,success,business_hours,2026-02-17 10:54:05,35,LOW,Sensitive resource (medium)|Unapproved resource: Admin_Console,0,Operations,Lead,power-user,2025-10-08,7,True
USR00086,ryan.colombo,sql_query,HRIS,high,success,business_hours,2026-02-17 10:54:05,70,HIGH,Sensitive resource (high)|Unapproved resource: HRIS|Account inactive 49 days,1,Engineering,Analyst,service-account,2024-11-18,49,True
USR00010,jacob.patel,file_access,BI_Tool,low,success,night,2026-02-17 10:54:05,45,MEDIUM,Off-hours access (night)|Unapproved resource: BI_Tool,1,Marketing,Architect,user,2025-09-20,1,True
USR00054,edward.smith,login,Email_Archive,medium,success,weekend,2026-02-17 10:54:05,32,LOW,Sensitive resource (medium)|Unapproved resource: Email_Archive,0,Support,Specialist,user,2023-07-28,12,True
USR00024,nicholas.jackson,login,GL_System,high,success,business_hours,2026-02-17 10:54:05,67,HIGH,Sensitive resource (high)|Unapproved resource: GL_System|Account inactive 31 days,1,Compliance,Lead,user,2023-11-01,31,True
USR00096,edward.thomas,admin_operation,SIEM,medium,success,business_hours,2026-02-17 10:54:06,50,MEDIUM,Sensitive resource (medium)|High-risk action: admin_operation|Unapproved resource: SIEM,1,Operations,Officer,service-account,2023-04-08,24,True
USR00045,stephen.kumar,file_access,File_Share,low,success,night,2026-02-18 10:54:05,45,MEDIUM,Off-hours access (night)|Unapproved resource: File_Share,1,Security,Coordinator,user,2022-09-10,26,True
USR00026,stephen.bhat,sql_query,BI_Tool,low,success,business_hours,2026-02-18 10:54:05,45,MEDIUM,Unapproved resource: BI_Tool|Account inactive 33 days,1,Finance,Director,user,2022-12-14,33,True
USR00082,arjun.hwang,file_access,GL_System,high,success,business_hours,2026-02-18 10:54:05,70,HIGH,Sensitive resource (high)|Unapproved resource: GL_System|Account inactive 52 days,1,Legal,Manager,admin,2024-09-21,52,True
USR00070,jeffrey.chen,sql_query,PROD_DB,high,success,business_hours,2026-02-18 10:54:05,50,MEDIUM,Sensitive resource (high)|Unapproved resource: PROD_DB,1,IT,Administrator,power-user,2024-02-02,19,True
USR00042,kenneth.sanchez,sql_query,SIEM,medium,success,unusual_hours,2026-02-18 10:54:05,75,HIGH,Off-hours access (unusual_hours)|Sensitive resource (medium)|Unapproved resource: SIEM|Account inactive 46 days,1,Support,Engineer,user,2023-12-06,46,True
USR00024,nicholas.jackson,admin_operation,Customer_Vault,high,success,business_hours,2026-02-18 10:54:05,100,CRITICAL,Sensitive resource (high)|High-risk action: admin_operation|Unapproved resource: Customer_Vault|User privilege doing admin action|Account inactive 31 days,1,Compliance,Lead,user,2023-11-01,31,True
USR00000,pooja.murphy,admin_operation,File_Share,low,success,weekend,2026-02-18 10:54:05,90,CRITICAL,High-risk action: admin_operation|Unapproved resource: File_Share|User privilege doing admin action|Account inactive 59 days,1,Executive,Developer,user,2024-12-21,59,True
USR00035,nikhil.rao,sql_query,Data_Lake,medium,failure,business_hours,2026-02-18 10:54:05,70,HIGH,Sensitive resource (medium)|Unapproved resource: Data_Lake|Access attempt FAILED|Account inactive 56 days,1,Executive,Lead,admin,2025-07-05,56,True
USR00000,pooja.murphy,export_data,Admin_Console,medium,success,business_hours,2026-02-18 10:54:06,75,HIGH,Sensitive resource (medium)|High-risk action: export_data|Unapproved resource: Admin_Console|Account inactive 59 days,1,Executive,Developer,user,2024-12-21,59,True
USR00047,george.clark,file_access,BI_Tool,low,success,unusual_hours,2026-02-18 10:54:06,65,HIGH,Off-hours access (unusual_hours)|Unapproved resource: BI_Tool|Account inactive 55 days,1,Engineering,Lead,power-user,2024-04-12,55,True
USR00091,steven.thompson,export_data,GL_System,high,success,business_hours,2026-02-19 10:54:05,70,HIGH,Sensitive resource (high)|High-risk action: export_data|Unapproved resource: GL_System,1,Support,Lead,power-user,2023-02-06,26,True
USR00005,george.lim,export_data,Data_Lake,medium,success,business_hours,2026-02-19 10:54:05,75,HIGH,Sensitive resource (medium)|High-risk action: export_data|Unapproved resource: Data_Lake|Account inactive 57 days,1,Engineering,Administrator,user,2025-05-25,57,True
USR00053,timothy.jo,file_access,Email_Archive,medium,success,business_hours,2026-02-19 10:54:05,35,LOW,Sensitive resource (medium)|Unapproved resource: Email_Archive,0,Engineering,Engineer,user,2025-09-20,11,True
USR00065,timothy.xu,login,Admin_Console,medium,success,night,2026-02-19 10:54:05,52,MEDIUM,Off-hours access (night)|Sensitive resource (medium)|Unapproved resource: Admin_Console,1,Marketing,Architect,user,2023-02-03,6,True
USR00058,anthony.taylor,file_access,Data_Lake,medium,success,business_hours,2026-02-19 10:54:05,55,MEDIUM,Sensitive resource (medium)|Unapproved resource: Data_Lake|Account inactive 51 days,1,Finance,Administrator,user,2024-07-06,51,True
USR00067,donald.wang,sql_query,SIEM,medium,success,business_hours,2026-02-19 10:54:05,55,MEDIUM,Sensitive resource (medium)|Unapproved resource: SIEM|Account inactive 54 days,1,Marketing,Manager,user,2023-07-01,54,True
USR00039,stephen.bhat,login,File_Share,low,success,unusual_hours,2026-02-19 10:54:05,42,MEDIUM,Off-hours access (unusual_hours)|Unapproved resource: File_Share,1,Engineering,Engineer,user,2023-09-11,25,True
USR00082,arjun.hwang,api_call,File_Share,low,success,weekend,2026-02-19 10:54:05,48,MEDIUM,Unapproved resource: File_Share|Account inactive 52 days,1,Legal,Manager,admin,2024-09-21,52,True
USR00048,xiulan.colombo,file_access,File_Share,low,success,unusual_hours,2026-02-19 10:54:05,65,HIGH,Off-hours access (unusual_hours)|Unapproved resource: File_Share|Account inactive 34 days,1,Compliance,Administrator,user,2023-10-28,34,True
USR00058,anthony.taylor,sql_query,Email_Archive,medium,success,weekend,2026-02-19 10:54:05,55,MEDIUM,Sensitive resource (medium)|Unapproved resource: Email_Archive|Account inactive 51 days,1,Finance,Administrator,user,2024-07-06,51,True
USR00032,pooja.martin,file_access,PROD_DB,high,success,weekend,2026-02-19 10:54:06,50,MEDIUM,Sensitive resource (high)|Unapproved resource: PROD_DB,1,Support,Coordinator,user,2023-06-21,13,True
USR00094,donald.schulz,admin_operation,HRIS,high,success,business_hours,2026-02-19 10:54:06,95,CRITICAL,Sensitive resource (high)|High-risk action: admin_operation|Unapproved resource: HRIS|User privilege doing admin action,1,Sales,Officer,user,2024-01-04,28,True
USR00025,diya.romano,file_access,BI_Tool,low,success,business_hours,2026-02-19 10:54:06,25,LOW,Unapproved resource: BI_Tool,0,Marketing,Coordinator,power-user,2022-06-12,13,True
USR00048,xiulan.colombo,api_call,PROD_DB,high,success,business_hours,2026-02-19 10:54:06,73,HIGH,Sensitive resource (high)|Unapproved resource: PROD_DB|Account inactive 34 days,1,Compliance,Administrator,user,2023-10-28,34,True
USR00017,diya.schulz,export_data,Data_Lake,medium,success,business_hours,2026-02-19 10:54:06,75,HIGH,Sensitive resource (medium)|High-risk action: export_data|Unapproved resource: Data_Lake|Account inactive 46 days,1,Executive,Manager,power-user,2025-04-02,46,True
USR00097,leila.lopez,file_access,Email_Archive,medium,success,business_hours,2026-02-19 10:54:06,55,MEDIUM,Sensitive resource (medium)|Unapproved resource: Email_Archive|Account inactive 43 days,1,IT,Executive,user,2025-01-27,43,True
USR00064,zainab.pillai,file_access,Admin_Console,medium,success,business_hours,2026-02-19 10:54:06,55,MEDIUM,Sensitive resource (medium)|Unapproved resource: Admin_Console|Account inactive 58 days,1,HR,Director,user,2023-08-19,58,True
USR00034,harsh.jones,login,Admin_Console,medium,success,business_hours,2026-02-19 10:54:06,52,MEDIUM,Sensitive resource (medium)|Unapproved resource: Admin_Console|Account inactive 43 days,1,Operations,Specialist,service-account,2024-10-23,43,True
USR00095,priya.petit,login,HRIS,high,success,business_hours,2026-02-20 10:54:05,47,MEDIUM,Sensitive resource (high)|Unapproved resource: HRIS,1,HR,Architect,user,2023-04-28,20,True
USR00044,pooja.mishra,file_access,PROD_DB,high,success,business_hours,2026-02-20 10:54:05,70,HIGH,Sensitive resource (high)|Unapproved resource: PROD_DB|Account inactive 59 days,1,Finance,Developer,admin,2023-11-18,59,True
USR00061,sophia.hernandez,file_access,HRIS,high,success,business_hours,2026-02-20 10:54:05,70,HIGH,Sensitive resource (high)|Unapproved resource: HRIS|Account inactive 35 days,1,Support,Developer,user,2023-04-13,35,True
USR00041,matthew.huang,api_call,PROD_DB,high,success,unusual_hours,2026-02-20 10:54:05,73,HIGH,Off-hours access (unusual_hours)|Sensitive resource (high)|Unapproved resource: PROD_DB,1,Operations,Lead,power-user,2025-10-08,7,True
USR00018,meera.burke,api_call,PROD_DB,high,success,business_hours,2026-02-20 10:54:05,73,HIGH,Sensitive resource (high)|Unapproved resource: PROD_DB|Account inactive 59 days,1,Operations,Executive,power-user,2025-10-04,59,True
USR00030,yuki.meyer,login,PROD_DB,high,success,night,2026-02-20 10:54:05,67,HIGH,Off-hours access (night)|Sensitive resource (high)|Unapproved resource: PROD_DB,1,Marketing,Manager,service-account,2025-04-07,24,True
USR00078,christopher.menon,admin_operation,HRIS,high,success,business_hours,2026-02-20 10:54:06,65,HIGH,Sensitive resource (high)|High-risk action: admin_operation|Unapproved resource: HRIS,1,Executive,Officer,service-account,2023-01-02,22,True
USR00007,robert.smith,admin_operation,SIEM,medium,success,weekend,2026-02-21 10:54:05,100,CRITICAL,Sensitive resource (medium)|High-risk action: admin_operation|Unapproved resource: SIEM|User privilege doing admin action|Account inactive 44 days,1,Operations,Lead,user,2025-05-25,44,True
USR00014,david.thomas,file_access,PROD_DB,high,failure,business_hours,2026-02-21 10:54:05,65,HIGH,Sensitive resource (high)|Unapproved resource: PROD_DB|Access attempt FAILED,1,Support,Architect,user,2025-06-17,2,True
USR00046,deepika.li,api_call,Customer_Vault,high,success,business_hours,2026-02-21 10:54:05,73,HIGH,Sensitive resource (high)|Unapproved resource: Customer_Vault|Account inactive 48 days,1,Support,Manager,user,2024-07-14,48,True
USR00046,deepika.li,admin_operation,Email_Archive,medium,success,business_hours,2026-02-21 10:54:05,100,CRITICAL,Sensitive resource (medium)|High-risk action: admin_operation|Unapproved resource: Email_Archive|User privilege doing admin action|Account inactive 48 days,1,Support,Manager,user,2024-07-14,48,True
USR00030,yuki.meyer,admin_operation,PROD_DB,high,success,unusual_hours,2026-02-21 10:54:05,85,CRITICAL,Off-hours access (unusual_hours)|Sensitive resource (high)|High-risk action: admin_operation|Unapproved resource: PROD_DB,1,Marketing,Manager,service-account,2025-04-07,24,True
USR00060,vikram.gonzalez,admin_operation,PROD_DB,high,success,business_hours,2026-02-21 10:54:05,65,HIGH,Sensitive resource (high)|High-risk action: admin_operation|Unapproved resource: PROD_DB,1,Sales,Developer,power-user,2022-06-14,4,True
USR00066,ronald.martin,login,PROD_DB,high,success,unusual_hours,2026-02-21 10:54:05,67,HIGH,Off-hours access (unusual_hours)|Sensitive resource (high)|Unapproved resource: PROD_DB,1,Security,Specialist,user,2025-12-10,29,True
USR00083,ryan.thomas,export_data,File_Share,low,success,business_hours,2026-02-21 10:54:05,45,MEDIUM,High-risk action: export_data|Unapproved resource: File_Share,1,Marketing,Executive,service-account,2025-02-21,17,True
USR00056,william.kumar,login,Data_Lake,medium,success,business_hours,2026-02-21 10:54:05,52,MEDIUM,Sensitive resource (medium)|Unapproved resource: Data_Lake|Account inactive 58 days,1,Compliance,Manager,user,2023-09-13,58,True
USR00084,aditya.gupta,api_call,BI_Tool,low,success,business_hours,2026-02-21 10:54:06,48,MEDIUM,Unapproved resource: BI_Tool|Account inactive 59 days,1,Engineering,Analyst,admin,2023-06-17,59,True
USR00090,neha.o'brien,api_call,HRIS,high,success,unusual_hours,2026-02-21 10:54:06,93,CRITICAL,Off-hours access (unusual_hours)|Sensitive resource (high)|Unapproved resource: HRIS|Account inactive 57 days,1,Finance,Officer,admin,2024-07-03,57,True
USR00088,william.jang,login,BI_Tool,low,success,night,2026-02-21 10:54:06,62,MEDIUM,Off-hours access (night)|Unapproved resource: BI_Tool|Account inactive 36 days,1,Engineering,Engineer,admin,2024-10-14,36,True
USR00009,aditya.burke,api_call,GL_System,high,failure,business_hours,2026-02-21 10:54:06,68,HIGH,Sensitive resource (high)|Unapproved resource: GL_System|Access attempt FAILED,1,Finance,Architect,power-user,2024-02-27,23,True
USR00076,stephen.guo,export_data,BI_Tool,low,success,business_hours,2026-02-22 10:54:05,45,MEDIUM,High-risk action: export_data|Unapproved resource: BI_Tool,1,Finance,Lead,user,2025-10-30,8,True
USR00035,nikhil.rao,admin_operation,Admin_Console,medium,success,business_hours,2026-02-22 10:54:05,70,HIGH,Sensitive resource (medium)|High-risk action: admin_operation|Unapproved resource: Admin_Console|Account inactive 56 days,1,Executive,Lead,admin,2025-07-05,56,True
USR00057,zainab.jo,api_call,BI_Tool,low,success,business_hours,2026-02-22 10:54:05,28,LOW,Unapproved resource: BI_Tool,0,Sales,Architect,admin,2024-06-15,14,True
USR00024,nicholas.jackson,api_call,PROD_DB,high,success,business_hours,2026-02-22 10:54:05,53,MEDIUM,Sensitive resource (high)|Account inactive 31 days,1,Compliance,Lead,user,2023-11-01,31,True
USR00023,isha.jones,login,PROD_DB,high,success,unusual_hours,2026-02-22 10:54:06,87,CRITICAL,Off-hours access (unusual_hours)|Sensitive resource (high)|Unapproved resource: PROD_DB|Account inactive 55 days,1,Legal,Director,power-user,2024-03-25,55,True
USR00053,timothy.jo,sql_query,Email_Archive,medium,success,business_hours,2026-02-22 10:54:06,35,LOW,Sensitive resource (medium)|Unapproved resource: Email_Archive,0,Engineering,Engineer,user,2025-09-20,11,True
USR00006,kevin.ramirez,api_call,Admin_Console,medium,success,unusual_hours,2026-02-22 10:54:06,78,HIGH,Off-hours access (unusual_hours)|Sensitive resource (medium)|Unapproved resource: Admin_Console|Account inactive 46 days,1,Legal,Architect,power-user,2024-05-08,46,True
USR00020,karan.white,export_data,Customer_Vault,high,success,business_hours,2026-02-22 10:54:06,70,HIGH,Sensitive resource (high)|High-risk action: export_data|Unapproved resource: Customer_Vault,1,IT,Specialist,user,2023-12-14,25,True
USR00037,ronald.wilson,file_access,Admin_Console,medium,failure,business_hours,2026-02-22 10:54:06,50,MEDIUM,Sensitive resource (medium)|Unapproved resource: Admin_Console|Access attempt FAILED,1,Finance,Coordinator,power-user,2024-03-06,25,True
USR00024,nicholas.jackson,login,Admin_Console,medium,success,business_hours,2026-02-22 10:54:06,52,MEDIUM,Sensitive resource (medium)|Unapproved resource: Admin_Console|Account inactive 31 days,1,Compliance,Lead,user,2023-11-01,31,True
USR00067,donald.wang,admin_operation,BI_Tool,low,success,business_hours,2026-02-23 10:54:05,90,CRITICAL,High-risk action: admin_operation|Unapproved resource: BI_Tool|User privilege doing admin action|Account inactive 54 days,1,Marketing,Manager,user,2023-07-01,54,True
USR00050,nisha.martinez,file_access,Data_Lake,medium,success,business_hours,2026-02-23 10:54:05,35,LOW,Sensitive resource (medium)|Unapproved resource: Data_Lake,0,HR,Architect,user,2024-02-19,25,True
USR00029,zainab.wagner,sql_query,BI_Tool,low,success,business_hours,2026-02-23 10:54:05,45,MEDIUM,Unapproved resource: BI_Tool|Account inactive 35 days,1,Support,Engineer,user,2023-12-12,35,True
USR00094,donald.schulz,sql_query,Email_Archive,medium,success,weekend,2026-02-23 10:54:06,35,LOW,Sensitive resource (medium)|Unapproved resource: Email_Archive,0,Sales,Officer,user,2024-01-04,28,True
USR00027,pooja.sullivan,admin_operation,BI_Tool,low,success,business_hours,2026-02-23 10:54:06,60,MEDIUM,High-risk action: admin_operation|Unapproved resource: BI_Tool|Account inactive 34 days,1,Support,Lead,admin,2024-02-21,34,True
USR00040,nicholas.romano,file_access,SIEM,medium,success,business_hours,2026-02-23 10:54:06,55,MEDIUM,Sensitive resource (medium)|Unapproved resource: SIEM|Account inactive 52 days,1,Security,Officer,power-user,2023-12-02,52,True
USR00092,charles.sullivan,sql_query,BI_Tool,low,success,night,2026-02-23 10:54:06,45,MEDIUM,Off-hours access (night)|Unapproved resource: BI_Tool,1,IT,Executive,user,2025-12-05,28,True
USR00025,diya.romano,export_data,Admin_Console,medium,success,unusual_hours,2026-02-24 10:54:05,75,HIGH,Off-hours access (unusual_hours)|Sensitive resource (medium)|High-risk action: export_data|Unapproved resource: Admin_Console,1,Marketing,Coordinator,power-user,2022-06-12,13,True
USR00060,vikram.gonzalez,sql_query,GL_System,high,success,business_hours,2026-02-24 10:54:05,50,MEDIUM,Sensitive resource (high)|Unapproved resource: GL_System,1,Sales,Developer,power-user,2022-06-14,4,True
USR00081,isha.ghosh,admin_operation,HRIS,high,success,business_hours,2026-02-24 10:54:06,85,CRITICAL,Sensitive resource (high)|High-risk action: admin_operation|Unapproved resource: HRIS|Account inactive 44 days,1,IT,Manager,power-user,2025-12-26,44,True
USR00025,diya.romano,api_call,SIEM,medium,success,weekend,2026-02-24 10:54:06,38,LOW,Sensitive resource (medium)|Unapproved resource: SIEM,0,Marketing,Coordinator,power-user,2022-06-12,13,True
USR00003,sanjana.li,login,PROD_DB,high,success,business_hours,2026-02-24 10:54:06,47,MEDIUM,Sensitive resource (high)|Unapproved resource: PROD_DB,1,Marketing,Director,user,2023-04-21,13,True
USR00062,nisha.jones,sql_query,File_Share,low,success,weekend,2026-02-25 10:54:05,45,MEDIUM,Unapproved resource: File_Share|Account inactive 36 days,1,Marketing,Coordinator,power-user,2023-10-20,36,True
USR00090,neha.o'brien,file_access,GL_System,high,success,unusual_hours,2026-02-25 10:54:05,90,CRITICAL,Off-hours access (unusual_hours)|Sensitive resource (high)|Unapproved resource: GL_System|Account inactive 57 days,1,Finance,Officer,admin,2024-07-03,57,True
USR00026,stephen.bhat,file_access,Data_Lake,medium,success,business_hours,2026-02-25 10:54:05,55,MEDIUM,Sensitive resource (medium)|Unapproved resource: Data_Lake|Account inactive 33 days,1,Finance,Director,user,2022-12-14,33,True
USR00044,pooja.mishra,login,BI_Tool,low,success,business_hours,2026-02-25 10:54:05,42,MEDIUM,Unapproved resource: BI_Tool|Account inactive 59 days,1,Finance,Developer,admin,2023-11-18,59,True
USR00055,neha.johnson,sql_query,BI_Tool,low,success,business_hours,2026-02-25 10:54:05,45,MEDIUM,Unapproved resource: BI_Tool|Account inactive 49 days,1,Sales,Analyst,user,2025-05-20,49,True
USR00077,neha.taylor,sql_query,HRIS,high,success,weekend,2026-02-25 10:54:05,50,MEDIUM,Sensitive resource (high)|Unapproved resource: HRIS,1,Finance,Architect,power-user,2023-08-29,11,True
USR00099,maria.bianchi,login,Data_Lake,medium,failure,business_hours,2026-02-25 10:54:06,67,HIGH,Sensitive resource (medium)|Unapproved resource: Data_Lake|Access attempt FAILED|Account inactive 40 days,1,Marketing,Officer,service-account,2025-10-01,40,True
USR00073,joshua.becker,export_data,Admin_Console,medium,success,night,2026-02-25 10:54:06,75,HIGH,Off-hours access (night)|Sensitive resource (medium)|High-risk action: export_data|Unapproved resource: Admin_Console,1,Security,Engineer,user,2025-02-03,20,True
USR00057,zainab.jo,export_data,PROD_DB,high,success,business_hours,2026-02-25 10:54:06,70,HIGH,Sensitive resource (high)|High-risk action: export_data|Unapproved resource: PROD_DB,1,Sales,Architect,admin,2024-06-15,14,True
USR00075,timothy.huang,export_data,HRIS,high,success,business_hours,2026-02-26 10:54:05,70,HIGH,Sensitive resource (high)|High-risk action: export_data|Unapproved resource: HRIS,1,Sales,Manager,user,2023-12-15,21,True
USR00005,george.lim,admin_operation,File_Share,low,success,unusual_hours,2026-02-26 10:54:05,100,CRITICAL,Off-hours access (unusual_hours)|High-risk action: admin_operation|Unapproved resource: File_Share|User privilege doing admin action|Account inactive 57 days,1,Engineering,Administrator,user,2025-05-25,57,True
USR00080,david.rodriguez,sql_query,PROD_DB,high,success,business_hours,2026-02-26 10:54:05,70,HIGH,Sensitive resource (high)|Unapproved resource: PROD_DB|Account inactive 43 days,1,HR,Developer,service-account,2023-04-22,43,True
USR00004,diya.anderson,api_call,PROD_DB,high,success,unusual_hours,2026-02-26 10:54:05,73,HIGH,Off-hours access (unusual_hours)|Sensitive resource (high)|Unapproved resource: PROD_DB,1,Marketing,Administrator,user,2022-10-18,14,True
USR00066,ronald.martin,admin_operation,Email_Archive,medium,success,night,2026-02-26 10:54:05,100,CRITICAL,Off-hours access (night)|Sensitive resource (medium)|High-risk action: admin_operation|Unapproved resource: Email_Archive|User privilege doing admin action,1,Security,Specialist,user,2025-12-10,29,True
USR00088,william.jang,sql_query,SIEM,medium,success,business_hours,2026-02-26 10:54:06,55,MEDIUM,Sensitive resource (medium)|Unapproved resource: SIEM|Account inactive 36 days,1,Engineering,Engineer,admin,2024-10-14,36,True
USR00017,diya.schulz,api_call,Email_Archive,medium,success,business_hours,2026-02-26 10:54:06,58,MEDIUM,Sensitive resource (medium)|Unapproved resource: Email_Archive|Account inactive 46 days,1,Executive,Manager,power-user,2025-04-02,46,True
USR00034,harsh.jones,login,File_Share,low,success,business_hours,2026-02-26 10:54:06,42,MEDIUM,Unapproved resource: File_Share|Account inactive 43 days,1,Operations,Specialist,service-account,2024-10-23,43,True
USR00035,nikhil.rao,sql_query,GL_System,high,success,business_hours,2026-02-26 10:54:06,70,HIGH,Sensitive resource (high)|Unapproved resource: GL_System|Account inactive 56 days,1,Executive,Lead,admin,2025-07-05,56,True
USR00023,isha.jones,export_data,GL_System,high,success,business_hours,2026-02-26 10:54:06,90,CRITICAL,Sensitive resource (high)|High-risk action: export_data|Unapproved resource: GL_System|Account inactive 55 days,1,Legal,Director,power-user,2024-03-25,55,True
USR00039,stephen.bhat,api_call,Admin_Console,medium,success,business_hours,2026-02-26 10:54:06,38,LOW,Sensitive resource (medium)|Unapproved resource: Admin_Console,0,Engineering,Engineer,user,2023-09-11,25,True
USR00095,priya.petit,export_data,Admin_Console,medium,failure,business_hours,2026-02-27 10:54:05,70,HIGH,Sensitive resource (medium)|High-risk action: export_data|Unapproved resource: Admin_Console|Access attempt FAILED,1,HR,Architect,user,2023-04-28,20,True
USR00036,nicholas.harris,file_access,PROD_DB,high,success,business_hours,2026-02-27 10:54:05,70,HIGH,Sensitive resource (high)|Unapproved resource: PROD_DB|Account inactive 40 days,1,Marketing,Analyst,user,2025-11-25,40,True
USR00024,nicholas.jackson,sql_query,GL_System,high,success,business_hours,2026-02-27 10:54:05,70,HIGH,Sensitive resource (high)|Unapproved resource: GL_System|Account inactive 31 days,1,Compliance,Lead,user,2023-11-01,31,True
USR00097,leila.lopez,export_data,Admin_Console,medium,success,business_hours,2026-02-27 10:54:06,75,HIGH,Sensitive resource (medium)|High-risk action: export_data|Unapproved resource: Admin_Console|Account inactive 43 days,1,IT,Executive,user,2025-01-27,43,True
USR00045,stephen.kumar,export_data,SIEM,medium,failure,business_hours,2026-02-27 10:54:06,70,HIGH,Sensitive resource (medium)|High-risk action: export_data|Unapproved resource: SIEM|Access attempt FAILED,1,Security,Coordinator,user,2022-09-10,26,True
USR00038,aisha.kim,export_data,HRIS,high,success,business_hours,2026-02-27 10:54:06,70,HIGH,Sensitive resource (high)|High-risk action: export_data|Unapproved resource: HRIS,1,Compliance,Engineer,user,2022-07-14,5,True
USR00004,diya.anderson,export_data,PROD_DB,high,success,unusual_hours,2026-02-27 10:54:06,90,CRITICAL,Off-hours access (unusual_hours)|Sensitive resource (high)|High-risk action: export_data|Unapproved resource: PROD_DB,1,Marketing,Administrator,user,2022-10-18,14,True
USR00077,neha.taylor,login,BI_Tool,low,success,business_hours,2026-02-27 10:54:06,22,LOW,Unapproved resource: BI_Tool,0,Finance,Architect,power-user,2023-08-29,11,True
USR00039,stephen.bhat,sql_query,SIEM,medium,success,business_hours,2026-02-27 10:54:06,35,LOW,Sensitive resource (medium)|Unapproved resource: SIEM,0,Engineering,Engineer,user,2023-09-11,25,True
USR00044,pooja.mishra,file_access,Customer_Vault,high,success,business_hours,2026-02-27 10:54:06,70,HIGH,Sensitive resource (high)|Unapproved resource: Customer_Vault|Account inactive 59 days,1,Finance,Developer,admin,2023-11-18,59,True
USR00077,neha.taylor,file_access,HRIS,high,success,night,2026-02-27 10:54:06,70,HIGH,Off-hours access (night)|Sensitive resource (high)|Unapproved resource: HRIS,1,Finance,Architect,power-user,2023-08-29,11,True
USR00017,diya.schulz,file_access,Data_Lake,medium,success,business_hours,2026-02-28 10:54:05,55,MEDIUM,Sensitive resource (medium)|Unapproved resource: Data_Lake|Account inactive 46 days,1,Executive,Manager,power-user,2025-04-02,46,True
USR00093,nadia.muller,sql_query,PROD_DB,high,success,business_hours,2026-02-28 10:54:05,50,MEDIUM,Sensitive resource (high)|Account inactive 46 days,1,Sales,Director,user,2024-02-07,46,True
USR00019,joshua.white,export_data,Admin_Console,medium,success,business_hours,2026-02-28 10:54:05,55,MEDIUM,Sensitive resource (medium)|High-risk action: export_data|Unapproved resource: Admin_Console,1,Finance,Coordinator,user,2024-06-20,2,True
USR00040,nicholas.romano,admin_operation,Data_Lake,medium,success,weekend,2026-02-28 10:54:05,70,HIGH,Sensitive resource (medium)|High-risk action: admin_operation|Unapproved resource: Data_Lake|Account inactive 52 days,1,Security,Officer,power-user,2023-12-02,52,True
USR00053,timothy.jo,export_data,PROD_DB,high,success,business_hours,2026-02-28 10:54:05,50,MEDIUM,Sensitive resource (high)|High-risk action: export_data,1,Engineering,Engineer,user,2025-09-20,11,True
USR00091,steven.thompson,sql_query,Admin_Console,medium,success,business_hours,2026-02-28 10:54:05,35,LOW,Sensitive resource (medium)|Unapproved resource: Admin_Console,0,Support,Lead,power-user,2023-02-06,26,True
USR00071,richard.johnson,admin_operation,File_Share,low,success,business_hours,2026-02-28 10:54:06,70,HIGH,High-risk action: admin_operation|Unapproved resource: File_Share|User privilege doing admin action,1,HR,Administrator,user,2022-03-25,23,True
USR00021,rohan.harris,api_call,HRIS,high,success,business_hours,2026-02-28 10:54:06,73,HIGH,Sensitive resource (high)|Unapproved resource: HRIS|Account inactive 33 days,1,Marketing,Executive,user,2022-12-22,33,True
USR00094,donald.schulz,export_data,Customer_Vault,high,success,business_hours,2026-03-01 10:54:05,70,HIGH,Sensitive resource (high)|High-risk action: export_data|Unapproved resource: Customer_Vault,1,Sales,Officer,user,2024-01-04,28,True
USR00088,william.jang,sql_query,SIEM,medium,success,business_hours,2026-03-01 10:54:05,55,MEDIUM,Sensitive resource (medium)|Unapproved resource: SIEM|Account inactive 36 days,1,Engineering,Engineer,admin,2024-10-14,36,True
USR00061,sophia.hernandez,sql_query,File_Share,low,success,unusual_hours,2026-03-01 10:54:05,65,HIGH,Off-hours access (unusual_hours)|Unapproved resource: File_Share|Account inactive 35 days,1,Support,Developer,user,2023-04-13,35,True
USR00055,neha.johnson,export_data,Data_Lake,medium,success,weekend,2026-03-01 10:54:05,75,HIGH,Sensitive resource (medium)|High-risk action: export_data|Unapproved resource: Data_Lake|Account inactive 49 days,1,Sales,Analyst,user,2025-05-20,49,True
USR00008,thomas.iyer,login,GL_System,high,success,business_hours,2026-03-01 10:54:05,67,HIGH,Sensitive resource (high)|Unapproved resource: GL_System|Account inactive 57 days,1,Sales,Administrator,user,2022-04-27,57,True
USR00080,david.rodriguez,sql_query,Customer_Vault,high,success,business_hours,2026-03-01 10:54:06,70,HIGH,Sensitive resource (high)|Unapproved resource: Customer_Vault|Account inactive 43 days,1,HR,Developer,service-account,2023-04-22,43,True
USR00023,isha.jones,export_data,SIEM,medium,success,business_hours,2026-03-01 10:54:06,55,MEDIUM,Sensitive resource (medium)|High-risk action: export_data|Account inactive 55 days,1,Legal,Director,power-user,2024-03-25,55,True
USR00092,charles.sullivan,export_data,SIEM,medium,success,unusual_hours,2026-03-02 10:54:05,75,HIGH,Off-hours access (unusual_hours)|Sensitive resource (medium)|High-risk action: export_data|Unapproved resource: SIEM,1,IT,Executive,user,2025-12-05,28,True
USR00098,jason.white,login,Admin_Console,medium,success,business_hours,2026-03-02 10:54:05,52,MEDIUM,Sensitive resource (medium)|Unapproved resource: Admin_Console|Account inactive 52 days,1,Compliance,Lead,power-user,2023-04-03,52,True
USR00093,nadia.muller,login,File_Share,low,success,business_hours,2026-03-02 10:54:05,42,MEDIUM,Unapproved resource: File_Share|Account inactive 46 days,1,Sales,Director,user,2024-02-07,46,True
USR00084,aditya.gupta,sql_query,Data_Lake,medium,success,night,2026-03-02 10:54:05,75,HIGH,Off-hours access (night)|Sensitive resource (medium)|Unapproved resource: Data_Lake|Account inactive 59 days,1,Engineering,Analyst,admin,2023-06-17,59,True
USR00062,nisha.jones,api_call,File_Share,low,success,unusual_hours,2026-03-02 10:54:06,68,HIGH,Off-hours access (unusual_hours)|Unapproved resource: File_Share|Account inactive 36 days,1,Marketing,Coordinator,power-user,2023-10-20,36,True
USR00078,christopher.menon,admin_operation,Email_Archive,medium,failure,business_hours,2026-03-02 10:54:06,65,HIGH,Sensitive resource (medium)|High-risk action: admin_operation|Unapproved resource: Email_Archive|Access attempt FAILED,1,Executive,Officer,service-account,2023-01-02,22,True
USR00090,neha.o'brien,export_data,Data_Lake,medium,success,weekend,2026-03-03 10:54:05,75,HIGH,Sensitive resource (medium)|High-risk action: export_data|Unapproved resource: Data_Lake|Account inactive 57 days,1,Finance,Officer,admin,2024-07-03,57,True
USR00009,aditya.burke,admin_operation,PROD_DB,high,success,unusual_hours,2026-03-03 10:54:05,85,CRITICAL,Off-hours access (unusual_hours)|Sensitive resource (high)|High-risk action: admin_operation|Unapproved resource: PROD_DB,1,Finance,Architect,power-user,2024-02-27,23,True
USR00054,edward.smith,sql_query,Admin_Console,medium,failure,night,2026-03-03 10:54:05,70,HIGH,Off-hours access (night)|Sensitive resource (medium)|Unapproved resource: Admin_Console|Access attempt FAILED,1,Support,Specialist,user,2023-07-28,12,True
USR00089,isha.chen,admin_operation,Email_Archive,medium,success,business_hours,2026-03-03 10:54:05,50,MEDIUM,Sensitive resource (medium)|High-risk action: admin_operation|Unapproved resource: Email_Archive,1,Compliance,Coordinator,service-account,2025-06-09,18,True
USR00022,harsh.patel,export_data,Email_Archive,medium,success,business_hours,2026-03-03 10:54:05,75,HIGH,Sensitive resource (medium)|High-risk action: export_data|Unapproved resource: Email_Archive|Account inactive 52 days,1,Legal,Specialist,user,2025-04-22,52,True
USR00045,stephen.kumar,sql_query,GL_System,high,success,business_hours,2026-03-03 10:54:05,50,MEDIUM,Sensitive resource (high)|Unapproved resource: GL_System,1,Security,Coordinator,user,2022-09-10,26,True
USR00046,deepika.li,sql_query,File_Share,low,success,business_hours,2026-03-03 10:54:06,45,MEDIUM,Unapproved resource: File_Share|Account inactive 48 days,1,Support,Manager,user,2024-07-14,48,True
USR00097,leila.lopez,login,BI_Tool,low,success,business_hours,2026-03-03 10:54:06,42,MEDIUM,Unapproved resource: BI_Tool|Account inactive 43 days,1,IT,Executive,user,2025-01-27,43,True
USR00001,daniel.singh,sql_query,BI_Tool,low,success,business_hours,2026-03-03 10:54:06,25,LOW,Unapproved resource: BI_Tool,0,Compliance,Lead,user,2024-04-04,20,True
USR00032,pooja.martin,file_access,GL_System,high,success,business_hours,2026-03-03 10:54:06,50,MEDIUM,Sensitive resource (high)|Unapproved resource: GL_System,1,Support,Coordinator,user,2023-06-21,13,True
USR00086,ryan.colombo,file_access,BI_Tool,low,success,weekend,2026-03-04 10:54:05,45,MEDIUM,Unapproved resource: BI_Tool|Account inactive 49 days,1,Engineering,Analyst,service-account,2024-11-18,49,True
USR00079,varun.weber,file_access,File_Share,low,success,night,2026-03-04 10:54:05,65,HIGH,Off-hours access (night)|Unapproved resource: File_Share|Account inactive 52 days,1,Engineering,Engineer,user,2025-02-10,52,True
USR00048,xiulan.colombo,sql_query,Email_Archive,medium,success,business_hours,2026-03-04 10:54:05,55,MEDIUM,Sensitive resource (medium)|Unapproved resource: Email_Archive|Account inactive 34 days,1,Compliance,Administrator,user,2023-10-28,34,True
USR00090,neha.o'brien,export_data,Email_Archive,medium,failure,weekend,2026-03-04 10:54:05,90,CRITICAL,Sensitive resource (medium)|High-risk action: export_data|Unapproved resource: Email_Archive|Access attempt FAILED|Account inactive 57 days,1,Finance,Officer,admin,2024-07-03,57,True
USR00028,paul.singh,file_access,Admin_Console,medium,success,weekend,2026-03-04 10:54:05,35,LOW,Sensitive resource (medium)|Unapproved resource: Admin_Console,0,HR,Officer,admin,2023-11-27,28,True
USR00081,isha.ghosh,admin_operation,BI_Tool,low,success,night,2026-03-04 10:54:05,80,HIGH,Off-hours access (night)|High-risk action: admin_operation|Unapproved resource: BI_Tool|Account inactive 44 days,1,IT,Manager,power-user,2025-12-26,44,True
USR00063,daniel.colombo,sql_query,SIEM,medium,success,business_hours,2026-03-04 10:54:06,55,MEDIUM,Sensitive resource (medium)|Unapproved resource: SIEM|Account inactive 52 days,1,Sales,Specialist,power-user,2025-03-04,52,True
USR00011,maria.o'brien,file_access,SIEM,medium,success,night,2026-03-04 10:54:06,35,LOW,Off-hours access (night)|Sensitive resource (medium),0,Security,Administrator,user,2025-09-10,16,True
USR00084,aditya.gupta,file_access,Data_Lake,medium,success,unusual_hours,2026-03-04 10:54:06,75,HIGH,Off-hours access (unusual_hours)|Sensitive resource (medium)|Unapproved resource: Data_Lake|Account inactive 59 days,1,Engineering,Analyst,admin,2023-06-17,59,True
USR00050,nisha.martinez,sql_query,BI_Tool,low,success,business_hours,2026-03-04 10:54:06,25,LOW,Unapproved resource: BI_Tool,0,HR,Architect,user,2024-02-19,25,True
USR00039,stephen.bhat,admin_operation,BI_Tool,low,success,business_hours,2026-03-04 10:54:06,70,HIGH,High-risk action: admin_operation|Unapproved resource: BI_Tool|User privilege doing admin action,1,Engineering,Engineer,user,2023-09-11,25,True
USR00087,aditya.taylor,login,Admin_Console,medium,success,business_hours,2026-03-04 10:54:06,32,LOW,Sensitive resource (medium)|Unapproved resource: Admin_Console,0,Marketing,Manager,power-user,2023-04-29,28,True
USR00018,meera.burke,api_call,HRIS,high,success,business_hours,2026-03-05 10:54:05,73,HIGH,Sensitive resource (high)|Unapproved resource: HRIS|Account inactive 59 days,1,Operations,Executive,power-user,2025-10-04,59,True
USR00038,aisha.kim,file_access,Data_Lake,medium,failure,business_hours,2026-03-05 10:54:05,50,MEDIUM,Sensitive resource (medium)|Unapproved resource: Data_Lake|Access attempt FAILED,1,Compliance,Engineer,user,2022-07-14,5,True
USR00023,isha.jones,export_data,Email_Archive,medium,success,business_hours,2026-03-05 10:54:05,75,HIGH,Sensitive resource (medium)|High-risk action: export_data|Unapproved resource: Email_Archive|Account inactive 55 days,1,Legal,Director,power-user,2024-03-25,55,True
USR00078,christopher.menon,login,BI_Tool,low,success,business_hours,2026-03-05 10:54:05,22,LOW,Unapproved resource: BI_Tool,0,Executive,Officer,service-account,2023-01-02,22,True
USR00090,neha.o'brien,api_call,SIEM,medium,success,business_hours,2026-03-05 10:54:05,58,MEDIUM,Sensitive resource (medium)|Unapproved resource: SIEM|Account inactive 57 days,1,Finance,Officer,admin,2024-07-03,57,True
USR00016,elena.dubois,login,Email_Archive,medium,success,business_hours,2026-03-05 10:54:06,52,MEDIUM,Sensitive resource (medium)|Unapproved resource: Email_Archive|Account inactive 32 days,1,IT,Specialist,user,2024-12-06,32,True
USR00047,george.clark,sql_query,SIEM,medium,success,business_hours,2026-03-05 10:54:06,55,MEDIUM,Sensitive resource (medium)|Unapproved resource: SIEM|Account inactive 55 days,1,Engineering,Lead,power-user,2024-04-12,55,True
USR00013,jonathan.jackson,sql_query,SIEM,medium,failure,unusual_hours,2026-03-05 10:54:06,90,CRITICAL,Off-hours access (unusual_hours)|Sensitive resource (medium)|Unapproved resource: SIEM|Access attempt FAILED|Account inactive 34 days,1,Sales,Administrator,user,2022-05-30,34,True
USR00013,jonathan.jackson,sql_query,HRIS,high,success,business_hours,2026-03-05 10:54:06,70,HIGH,Sensitive resource (high)|Unapproved resource: HRIS|Account inactive 34 days,1,Sales,Administrator,user,2022-05-30,34,True
USR00038,aisha.kim,export_data,Customer_Vault,high,success,business_hours,2026-03-05 10:54:06,70,HIGH,Sensitive resource (high)|High-risk action: export_data|Unapproved resource: Customer_Vault,1,Compliance,Engineer,user,2022-07-14,5,True
USR00011,maria.o'brien,export_data,SIEM,medium,success,business_hours,2026-03-06 10:54:05,35,LOW,Sensitive resource (medium)|High-risk action: export_data,0,Security,Administrator,user,2025-09-10,16,True
USR00039,stephen.bhat,file_access,File_Share,low,success,business_hours,2026-03-06 10:54:05,25,LOW,Unapproved resource: File_Share,0,Engineering,Engineer,user,2023-09-11,25,True
USR00052,leila.sun,file_access,HRIS,high,success,night,2026-03-06 10:54:05,90,CRITICAL,Off-hours access (night)|Sensitive resource (high)|Unapproved resource: HRIS|Account inactive 53 days,1,Engineering,Administrator,user,2024-04-05,53,True
USR00007,robert.smith,export_data,HRIS,high,success,weekend,2026-03-06 10:54:05,90,CRITICAL,Sensitive resource (high)|High-risk action: export_data|Unapproved resource: HRIS|Account inactive 44 days,1,Operations,Lead,user,2025-05-25,44,True
USR00069,nikhil.jang,login,Email_Archive,medium,success,business_hours,2026-03-06 10:54:05,32,LOW,Sensitive resource (medium)|Unapproved resource: Email_Archive,0,HR,Analyst,user,2023-07-16,30,True
USR00097,leila.lopez,login,Customer_Vault,high,success,business_hours,2026-03-06 10:54:05,67,HIGH,Sensitive resource (high)|Unapproved resource: Customer_Vault|Account inactive 43 days,1,IT,Executive,user,2025-01-27,43,True
USR00016,elena.dubois,admin_operation,BI_Tool,low,success,business_hours,2026-03-06 10:54:06,90,CRITICAL,High-risk action: admin_operation|Unapproved resource: BI_Tool|User privilege doing admin action|Account inactive 32 days,1,IT,Specialist,user,2024-12-06,32,True
USR00016,elena.dubois,export_data,SIEM,medium,success,unusual_hours,2026-03-06 10:54:06,95,CRITICAL,Off-hours access (unusual_hours)|Sensitive resource (medium)|High-risk action: export_data|Unapproved resource: SIEM|Account inactive 32 days,1,IT,Specialist,user,2024-12-06,32,True
USR00093,nadia.muller,export_data,BI_Tool,low,success,business_hours,2026-03-06 10:54:06,65,HIGH,High-risk action: export_data|Unapproved resource: BI_Tool|Account inactive 46 days,1,Sales,Director,user,2024-02-07,46,True
USR00049,thomas.kang,export_data,File_Share,low,success,business_hours,2026-03-06 10:54:06,45,MEDIUM,High-risk action: export_data|Unapproved resource: File_Share,1,Engineering,Administrator,user,2022-08-24,24,True
USR00018,meera.burke,login,BI_Tool,low,success,business_hours,2026-03-06 10:54:06,42,MEDIUM,Unapproved resource: BI_Tool|Account inactive 59 days,1,Operations,Executive,power-user,2025-10-04,59,True
USR00026,stephen.bhat,file_access,Email_Archive,medium,success,business_hours,2026-03-06 10:54:06,55,MEDIUM,Sensitive resource (medium)|Unapproved resource: Email_Archive|Account inactive 33 days,1,Finance,Director,user,2022-12-14,33,True
USR00081,isha.ghosh,sql_query,PROD_DB,high,success,night,2026-03-06 10:54:06,90,CRITICAL,Off-hours access (night)|Sensitive resource (high)|Unapproved resource: PROD_DB|Account inactive 44 days,1,IT,Manager,power-user,2025-12-26,44,True
USR00057,zainab.jo,admin_operation,File_Share,low,success,business_hours,2026-03-06 10:54:06,40,MEDIUM,High-risk action: admin_operation|Unapproved resource: File_Share,1,Sales,Architect,admin,2024-06-15,14,True
USR00046,deepika.li,sql_query,Data_Lake,medium,success,unusual_hours,2026-03-06 10:54:06,75,HIGH,Off-hours access (unusual_hours)|Sensitive resource (medium)|Unapproved resource: Data_Lake|Account inactive 48 days,1,Support,Manager,user,2024-07-14,48,True
USR00044,pooja.mishra,api_call,SIEM,medium,success,business_hours,2026-03-06 10:54:06,13,LOW,Sensitive resource (medium)|Account inactive 59 days,0,Finance,Developer,admin,2023-11-18,59,True
USR00050,nisha.martinez,login,PROD_DB,high,success,business_hours,2026-03-07 10:54:05,47,MEDIUM,Sensitive resource (high)|Unapproved resource: PROD_DB,1,HR,Architect,user,2024-02-19,25,True
USR00010,jacob.patel,admin_operation,GL_System,high,success,business_hours,2026-03-07 10:54:05,95,CRITICAL,Sensitive resource (high)|High-risk action: admin_operation|Unapproved resource: GL_System|User privilege doing admin action,1,Marketing,Architect,user,2025-09-20,1,True
USR00021,rohan.harris,admin_operation,Email_Archive,medium,success,weekend,2026-03-07 10:54:05,100,CRITICAL,Sensitive resource (medium)|High-risk action: admin_operation|Unapproved resource: Email_Archive|User privilege doing admin action|Account inactive 33 days,1,Marketing,Executive,user,2022-12-22,33,True
USR00007,robert.smith,file_access,PROD_DB,high,success,business_hours,2026-03-07 10:54:06,70,HIGH,Sensitive resource (high)|Unapproved resource: PROD_DB|Account inactive 44 days,1,Operations,Lead,user,2025-05-25,44,True
USR00009,aditya.burke,login,File_Share,low,success,business_hours,2026-03-07 10:54:06,22,LOW,Unapproved resource: File_Share,0,Finance,Architect,power-user,2024-02-27,23,True
USR00079,varun.weber,sql_query,Customer_Vault,high,success,business_hours,2026-03-07 10:54:06,70,HIGH,Sensitive resource (high)|Unapproved resource: Customer_Vault|Account inactive 52 days,1,Engineering,Engineer,user,2025-02-10,52,True
USR00032,pooja.martin,api_call,SIEM,medium,success,business_hours,2026-03-07 10:54:06,18,LOW,Sensitive resource (medium),0,Support,Coordinator,user,2023-06-21,13,True
USR00062,nisha.jones,export_data,SIEM,medium,success,night,2026-03-07 10:54:06,95,CRITICAL,Off-hours access (night)|Sensitive resource (medium)|High-risk action: export_data|Unapproved resource: SIEM|Account inactive 36 days,1,Marketing,Coordinator,power-user,2023-10-20,36,True
USR00066,ronald.martin,file_access,GL_System,high,success,business_hours,2026-03-07 10:54:06,50,MEDIUM,Sensitive resource (high)|Unapproved resource: GL_System,1,Security,Specialist,user,2025-12-10,29,True
USR00006,kevin.ramirez,admin_operation,PROD_DB,high,success,business_hours,2026-03-07 10:54:06,85,CRITICAL,Sensitive resource (high)|High-risk action: admin_operation|Unapproved resource: PROD_DB|Account inactive 46 days,1,Legal,Architect,power-user,2024-05-08,46,True
USR00084,aditya.gupta,export_data,Admin_Console,medium,success,night,2026-03-07 10:54:06,95,CRITICAL,Off-hours access (night)|Sensitive resource (medium)|High-risk action: export_data|Unapproved resource: Admin_Console|Account inactive 59 days,1,Engineering,Analyst,admin,2023-06-17,59,True
USR00040,nicholas.romano,login,GL_System,high,success,business_hours,2026-03-08 10:54:05,67,HIGH,Sensitive resource (high)|Unapproved resource: GL_System|Account inactive 52 days,1,Security,Officer,power-user,2023-12-02,52,True
USR00002,kenneth.moore,admin_operation,Customer_Vault,high,success,night,2026-03-08 10:54:06,85,CRITICAL,Off-hours access (night)|Sensitive resource (high)|High-risk action: admin_operation|Unapproved resource: Customer_Vault,1,Sales,Architect,service-account,2025-12-07,13,True
USR00098,jason.white,admin_operation,File_Share,low,success,business_hours,2026-03-08 10:54:06,60,MEDIUM,High-risk action: admin_operation|Unapproved resource: File_Share|Account inactive 52 days,1,Compliance,Lead,power-user,2023-04-03,52,True
USR00054,edward.smith,sql_query,GL_System,high,success,unusual_hours,2026-03-08 10:54:06,70,HIGH,Off-hours access (unusual_hours)|Sensitive resource (high)|Unapproved resource: GL_System,1,Support,Specialist,user,2023-07-28,12,True
USR00054,edward.smith,admin_operation,SIEM,medium,success,business_hours,2026-03-09 10:54:05,80,HIGH,Sensitive resource (medium)|High-risk action: admin_operation|Unapproved resource: SIEM|User privilege doing admin action,1,Support,Specialist,user,2023-07-28,12,True
USR00022,harsh.patel,api_call,HRIS,high,success,business_hours,2026-03-09 10:54:05,73,HIGH,Sensitive resource (high)|Unapproved resource: HRIS|Account inactive 52 days,1,Legal,Specialist,user,2025-04-22,52,True
USR00028,paul.singh,admin_operation,Data_Lake,medium,success,unusual_hours,2026-03-09 10:54:05,70,HIGH,Off-hours access (unusual_hours)|Sensitive resource (medium)|High-risk action: admin_operation|Unapproved resource: Data_Lake,1,HR,Officer,admin,2023-11-27,28,True
USR00030,yuki.meyer,export_data,Data_Lake,medium,success,business_hours,2026-03-09 10:54:05,55,MEDIUM,Sensitive resource (medium)|High-risk action: export_data|Unapproved resource: Data_Lake,1,Marketing,Manager,service-account,2025-04-07,24,True
USR00026,stephen.bhat,file_access,Admin_Console,medium,success,night,2026-03-09 10:54:05,75,HIGH,Off-hours access (night)|Sensitive resource (medium)|Unapproved resource: Admin_Console|Account inactive 33 days,1,Finance,Director,user,2022-12-14,33,True
USR00019,joshua.white,login,PROD_DB,high,success,business_hours,2026-03-09 10:54:05,47,MEDIUM,Sensitive resource (high)|Unapproved resource: PROD_DB,1,Finance,Coordinator,user,2024-06-20,2,True
USR00033,michael.sharma,file_access,Data_Lake,medium,success,business_hours,2026-03-09 10:54:06,35,LOW,Sensitive resource (medium)|Unapproved resource: Data_Lake,0,Legal,Officer,power-user,2023-06-10,26,True
USR00028,paul.singh,api_call,Data_Lake,medium,success,business_hours,2026-03-09 10:54:06,38,LOW,Sensitive resource (medium)|Unapproved resource: Data_Lake,0,HR,Officer,admin,2023-11-27,28,True
USR00038,aisha.kim,api_call,Admin_Console,medium,success,business_hours,2026-03-09 10:54:06,38,LOW,Sensitive resource (medium)|Unapproved resource: Admin_Console,0,Compliance,Engineer,user,2022-07-14,5,True
USR00083,ryan.thomas,api_call,Admin_Console,medium,success,business_hours,2026-03-10 10:54:05,38,LOW,Sensitive resource (medium)|Unapproved resource: Admin_Console,0,Marketing,Executive,service-account,2025-02-21,17,True
USR00032,pooja.martin,api_call,HRIS,high,success,business_hours,2026-03-10 10:54:05,53,MEDIUM,Sensitive resource (high)|Unapproved resource: HRIS,1,Support,Coordinator,user,2023-06-21,13,True
USR00066,ronald.martin,sql_query,File_Share,low,success,unusual_hours,2026-03-10 10:54:05,45,MEDIUM,Off-hours access (unusual_hours)|Unapproved resource: File_Share,1,Security,Specialist,user,2025-12-10,29,True
USR00077,neha.taylor,export_data,SIEM,medium,success,business_hours,2026-03-10 10:54:05,55,MEDIUM,Sensitive resource (medium)|High-risk action: export_data|Unapproved resource: SIEM,1,Finance,Architect,power-user,2023-08-29,11,True
USR00085,varun.rao,admin_operation,File_Share,low,failure,business_hours,2026-03-10 10:54:05,100,CRITICAL,High-risk action: admin_operation|Unapproved resource: File_Share|User privilege doing admin action|Access attempt FAILED|Account inactive 44 days,1,Marketing,Developer,user,2022-07-24,44,True
USR00005,george.lim,login,Email_Archive,medium,success,business_hours,2026-03-10 10:54:06,52,MEDIUM,Sensitive resource (medium)|Unapproved resource: Email_Archive|Account inactive 57 days,1,Engineering,Administrator,user,2025-05-25,57,True
USR00006,kevin.ramirez,sql_query,BI_Tool,low,success,business_hours,2026-03-10 10:54:06,45,MEDIUM,Unapproved resource: BI_Tool|Account inactive 46 days,1,Legal,Architect,power-user,2024-05-08,46,True
USR00082,arjun.hwang,admin_operation,Data_Lake,medium,success,business_hours,2026-03-10 10:54:06,70,HIGH,Sensitive resource (medium)|High-risk action: admin_operation|Unapproved resource: Data_Lake|Account inactive 52 days,1,Legal,Manager,admin,2024-09-21,52,True
USR00047,george.clark,sql_query,Data_Lake,medium,success,unusual_hours,2026-03-10 10:54:06,75,HIGH,Off-hours access (unusual_hours)|Sensitive resource (medium)|Unapproved resource: Data_Lake|Account inactive 55 days,1,Engineering,Lead,power-user,2024-04-12,55,True
USR00023,isha.jones,login,HRIS,high,success,business_hours,2026-03-11 10:54:05,67,HIGH,Sensitive resource (high)|Unapproved resource: HRIS|Account inactive 55 days,1,Legal,Director,power-user,2024-03-25,55,True
USR00092,charles.sullivan,login,SIEM,medium,success,business_hours,2026-03-11 10:54:05,32,LOW,Sensitive resource (medium)|Unapproved resource: SIEM,0,IT,Executive,user,2025-12-05,28,True
USR00011,maria.o'brien,login,BI_Tool,low,success,business_hours,2026-03-11 10:54:05,22,LOW,Unapproved resource: BI_Tool,0,Security,Administrator,user,2025-09-10,16,True
USR00079,varun.weber,login,Admin_Console,medium,success,business_hours,2026-03-11 10:54:06,52,MEDIUM,Sensitive resource (medium)|Unapproved resource: Admin_Console|Account inactive 52 days,1,Engineering,Engineer,user,2025-02-10,52,True
USR00090,neha.o'brien,export_data,HRIS,high,success,business_hours,2026-03-11 10:54:06,90,CRITICAL,Sensitive resource (high)|High-risk action: export_data|Unapproved resource: HRIS|Account inactive 57 days,1,Finance,Officer,admin,2024-07-03,57,True
USR00002,kenneth.moore,api_call,Admin_Console,medium,success,business_hours,2026-03-11 10:54:06,38,LOW,Sensitive resource (medium)|Unapproved resource: Admin_Console,0,Sales,Architect,service-account,2025-12-07,13,True
USR00014,david.thomas,sql_query,Email_Archive,medium,success,unusual_hours,2026-03-11 10:54:06,55,MEDIUM,Off-hours access (unusual_hours)|Sensitive resource (medium)|Unapproved resource: Email_Archive,1,Support,Architect,user,2025-06-17,2,True
USR00009,aditya.burke,file_access,Email_Archive,medium,success,unusual_hours,2026-03-11 10:54:06,55,MEDIUM,Off-hours access (unusual_hours)|Sensitive resource (medium)|Unapproved resource: Email_Archive,1,Finance,Architect,power-user,2024-02-27,23,True
USR00094,donald.schulz,login,Admin_Console,medium,success,business_hours,2026-03-11 10:54:06,32,LOW,Sensitive resource (medium)|Unapproved resource: Admin_Console,0,Sales,Officer,user,2024-01-04,28,True
USR00070,jeffrey.chen,login,HRIS,high,success,business_hours,2026-03-12 10:54:05,47,MEDIUM,Sensitive resource (high)|Unapproved resource: HRIS,1,IT,Administrator,power-user,2024-02-02,19,True
USR00060,vikram.gonzalez,api_call,GL_System,high,success,business_hours,2026-03-12 10:54:05,53,MEDIUM,Sensitive resource (high)|Unapproved resource: GL_System,1,Sales,Developer,power-user,2022-06-14,4,True
USR00031,amitabh.taylor,export_data,PROD_DB,high,failure,business_hours,2026-03-12 10:54:05,85,CRITICAL,Sensitive resource (high)|High-risk action: export_data|Unapproved resource: PROD_DB|Access attempt FAILED,1,Finance,Director,power-user,2024-01-24,30,True
USR00000,pooja.murphy,sql_query,HRIS,high,success,unusual_hours,2026-03-12 10:54:05,90,CRITICAL,Off-hours access (unusual_hours)|Sensitive resource (high)|Unapproved resource: HRIS|Account inactive 59 days,1,Executive,Developer,user,2024-12-21,59,True
USR00018,meera.burke,export_data,Email_Archive,medium,success,business_hours,2026-03-12 10:54:05,75,HIGH,Sensitive resource (medium)|High-risk action: export_data|Unapproved resource: Email_Archive|Account inactive 59 days,1,Operations,Executive,power-user,2025-10-04,59,True
USR00080,david.rodriguez,login,Admin_Console,medium,success,business_hours,2026-03-12 10:54:05,52,MEDIUM,Sensitive resource (medium)|Unapproved resource: Admin_Console|Account inactive 43 days,1,HR,Developer,service-account,2023-04-22,43,True
USR00019,joshua.white,admin_operation,Customer_Vault,high,failure,unusual_hours,2026-03-12 10:54:05,100,CRITICAL,Off-hours access (unusual_hours)|Sensitive resource (high)|High-risk action: admin_operation|Unapproved resource: Customer_Vault|User privilege doing admin action|Access attempt FAILED,1,Finance,Coordinator,user,2024-06-20,2,True
USR00050,nisha.martinez,file_access,Customer_Vault,high,success,business_hours,2026-03-12 10:54:06,50,MEDIUM,Sensitive resource (high)|Unapproved resource: Customer_Vault,1,HR,Architect,user,2024-02-19,25,True
USR00085,varun.rao,admin_operation,Customer_Vault,high,success,business_hours,2026-03-13 10:54:05,100,CRITICAL,Sensitive resource (high)|High-risk action: admin_operation|Unapproved resource: Customer_Vault|User privilege doing admin action|Account inactive 44 days,1,Marketing,Developer,user,2022-07-24,44,True
USR00086,ryan.colombo,export_data,SIEM,medium,success,night,2026-03-13 10:54:05,95,CRITICAL,Off-hours access (night)|Sensitive resource (medium)|High-risk action: export_data|Unapproved resource: SIEM|Account inactive 49 days,1,Engineering,Analyst,service-account,2024-11-18,49,True
USR00032,pooja.martin,file_access,HRIS,high,success,business_hours,2026-03-13 10:54:05,50,MEDIUM,Sensitive resource (high)|Unapproved resource: HRIS,1,Support,Coordinator,user,2023-06-21,13,True
USR00097,leila.lopez,api_call,Admin_Console,medium,success,business_hours,2026-03-13 10:54:05,58,MEDIUM,Sensitive resource (medium)|Unapproved resource: Admin_Console|Account inactive 43 days,1,IT,Executive,user,2025-01-27,43,True
USR00002,kenneth.moore,login,PROD_DB,high,success,business_hours,2026-03-13 10:54:05,27,LOW,Sensitive resource (high),0,Sales,Architect,service-account,2025-12-07,13,True
USR00062,nisha.jones,admin_operation,BI_Tool,low,success,unusual_hours,2026-03-13 10:54:06,80,HIGH,Off-hours access (unusual_hours)|High-risk action: admin_operation|Unapproved resource: BI_Tool|Account inactive 36 days,1,Marketing,Coordinator,power-user,2023-10-20,36,True
USR00042,kenneth.sanchez,login,File_Share,low,success,night,2026-03-13 10:54:06,62,MEDIUM,Off-hours access (night)|Unapproved resource: File_Share|Account inactive 46 days,1,Support,Engineer,user,2023-12-06,46,True
USR00076,stephen.guo,login,Email_Archive,medium,success,business_hours,2026-03-13 10:54:06,32,LOW,Sensitive resource (medium)|Unapproved resource: Email_Archive,0,Finance,Lead,user,2025-10-30,8,True
USR00028,paul.singh,api_call,HRIS,high,success,weekend,2026-03-13 10:54:06,53,MEDIUM,Sensitive resource (high)|Unapproved resource: HRIS,1,HR,Officer,admin,2023-11-27,28,True
USR00018,meera.burke,admin_operation,GL_System,high,success,weekend,2026-03-13 10:54:06,85,CRITICAL,Sensitive resource (high)|High-risk action: admin_operation|Unapproved resource: GL_System|Account inactive 59 days,1,Operations,Executive,power-user,2025-10-04,59,True
USR00088,william.jang,sql_query,File_Share,low,success,business_hours,2026-03-13 10:54:06,45,MEDIUM,Unapproved resource: File_Share|Account inactive 36 days,1,Engineering,Engineer,admin,2024-10-14,36,True
USR00002,kenneth.moore,file_access,Data_Lake,medium,success,unusual_hours,2026-03-13 10:54:06,55,MEDIUM,Off-hours access (unusual_hours)|Sensitive resource (medium)|Unapproved resource: Data_Lake,1,Sales,Architect,service-account,2025-12-07,13,True
USR00042,kenneth.sanchez,export_data,HRIS,high,success,business_hours,2026-03-13 10:54:06,90,CRITICAL,Sensitive resource (high)|High-risk action: export_data|Unapproved resource: HRIS|Account inactive 46 days,1,Support,Engineer,user,2023-12-06,46,True
USR00062,nisha.jones,file_access,BI_Tool,low,success,night,2026-03-14 10:54:05,65,HIGH,Off-hours access (night)|Unapproved resource: BI_Tool|Account inactive 36 days,1,Marketing,Coordinator,power-user,2023-10-20,36,True
USR00009,aditya.burke,sql_query,File_Share,low,success,business_hours,2026-03-14 10:54:05,25,LOW,Unapproved resource: File_Share,0,Finance,Architect,power-user,2024-02-27,23,True
USR00035,nikhil.rao,admin_operation,Admin_Console,medium,success,business_hours,2026-03-14 10:54:05,70,HIGH,Sensitive resource (medium)|High-risk action: admin_operation|Unapproved resource: Admin_Console|Account inactive 56 days,1,Executive,Lead,admin,2025-07-05,56,True
USR00003,sanjana.li,login,HRIS,high,success,night,2026-03-14 10:54:05,67,HIGH,Off-hours access (night)|Sensitive resource (high)|Unapproved resource: HRIS,1,Marketing,Director,user,2023-04-21,13,True
USR00093,nadia.muller,sql_query,Customer_Vault,high,success,business_hours,2026-03-14 10:54:06,70,HIGH,Sensitive resource (high)|Unapproved resource: Customer_Vault|Account inactive 46 days,1,Sales,Director,user,2024-02-07,46,True
USR00053,timothy.jo,login,PROD_DB,high,success,unusual_hours,2026-03-14 10:54:06,47,MEDIUM,Off-hours access (unusual_hours)|Sensitive resource (high),1,Engineering,Engineer,user,2025-09-20,11,True
USR00059,thomas.lewis,sql_query,Email_Archive,medium,success,business_hours,2026-03-14 10:54:06,55,MEDIUM,Sensitive resource (medium)|Unapproved resource: Email_Archive|Account inactive 58 days,1,Finance,Director,power-user,2024-08-12,58,True
USR00085,varun.rao,admin_operation,Data_Lake,medium,success,business_hours,2026-03-14 10:54:06,100,CRITICAL,Sensitive resource (medium)|High-risk action: admin_operation|Unapproved resource: Data_Lake|User privilege doing admin action|Account inactive 44 days,1,Marketing,Developer,user,2022-07-24,44,True
USR00033,michael.sharma,file_access,Data_Lake,medium,success,unusual_hours,2026-03-14 10:54:06,55,MEDIUM,Off-hours access (unusual_hours)|Sensitive resource (medium)|Unapproved resource: Data_Lake,1,Legal,Officer,power-user,2023-06-10,26,True
USR00008,thomas.iyer,login,PROD_DB,high,success,business_hours,2026-03-14 10:54:06,67,HIGH,Sensitive resource (high)|Unapproved resource: PROD_DB|Account inactive 57 days,1,Sales,Administrator,user,2022-04-27,57,True
USR00093,nadia.muller,api_call,BI_Tool,low,failure,business_hours,2026-03-15 10:54:05,63,MEDIUM,Unapproved resource: BI_Tool|Access attempt FAILED|Account inactive 46 days,1,Sales,Director,user,2024-02-07,46,True
USR00045,stephen.kumar,file_access,Customer_Vault,high,success,business_hours,2026-03-15 10:54:06,50,MEDIUM,Sensitive resource (high)|Unapproved resource: Customer_Vault,1,Security,Coordinator,user,2022-09-10,26,True
USR00080,david.rodriguez,admin_operation,Admin_Console,medium,success,unusual_hours,2026-03-15 10:54:06,90,CRITICAL,Off-hours access (unusual_hours)|Sensitive resource (medium)|High-risk action: admin_operation|Unapproved resource: Admin_Console|Account inactive 43 days,1,HR,Developer,service-account,2023-04-22,43,True
USR00034,harsh.jones,login,BI_Tool,low,success,unusual_hours,2026-03-15 10:54:06,62,MEDIUM,Off-hours access (unusual_hours)|Unapproved resource: BI_Tool|Account inactive 43 days,1,Operations,Specialist,service-account,2024-10-23,43,True
USR00057,zainab.jo,file_access,Data_Lake,medium,success,night,2026-03-15 10:54:06,55,MEDIUM,Off-hours access (night)|Sensitive resource (medium)|Unapproved resource: Data_Lake,1,Sales,Architect,admin,2024-06-15,14,True
USR00053,timothy.jo,sql_query,Customer_Vault,high,success,business_hours,2026-03-15 10:54:06,50,MEDIUM,Sensitive resource (high)|Unapproved resource: Customer_Vault,1,Engineering,Engineer,user,2025-09-20,11,True
USR00028,paul.singh,file_access,File_Share,low,success,night,2026-03-15 10:54:06,45,MEDIUM,Off-hours access (night)|Unapproved resource: File_Share,1,HR,Officer,admin,2023-11-27,28,True
USR00057,zainab.jo,sql_query,Data_Lake,medium,failure,business_hours,2026-03-15 10:54:06,50,MEDIUM,Sensitive resource (medium)|Unapproved resource: Data_Lake|Access attempt FAILED,1,Sales,Architect,admin,2024-06-15,14,True
USR00095,priya.petit,login,BI_Tool,low,success,business_hours,2026-03-16 10:54:05,22,LOW,Unapproved resource: BI_Tool,0,HR,Architect,user,2023-04-28,20,True
USR00051,meera.quinn,api_call,File_Share,low,success,business_hours,2026-03-16 10:54:05,28,LOW,Unapproved resource: File_Share,0,Executive,Developer,user,2025-01-26,30,True
USR00037,ronald.wilson,sql_query,SIEM,medium,success,business_hours,2026-03-16 10:54:06,35,LOW,Sensitive resource (medium)|Unapproved resource: SIEM,0,Finance,Coordinator,power-user,2024-03-06,25,True
USR00079,varun.weber,sql_query,Admin_Console,medium,success,business_hours,2026-03-17 10:54:05,55,MEDIUM,Sensitive resource (medium)|Unapproved resource: Admin_Console|Account inactive 52 days,1,Engineering,Engineer,user,2025-02-10,52,True
USR00041,matthew.huang,file_access,GL_System,high,success,business_hours,2026-03-17 10:54:05,50,MEDIUM,Sensitive resource (high)|Unapproved resource: GL_System,1,Operations,Lead,power-user,2025-10-08,7,True
USR00001,daniel.singh,file_access,HRIS,high,success,business_hours,2026-03-17 10:54:06,50,MEDIUM,Sensitive resource (high)|Unapproved resource: HRIS,1,Compliance,Lead,user,2024-04-04,20,True
USR00005,george.lim,login,HRIS,high,success,business_hours,2026-03-17 10:54:06,67,HIGH,Sensitive resource (high)|Unapproved resource: HRIS|Account inactive 57 days,1,Engineering,Administrator,user,2025-05-25,57,True
USR00013,jonathan.jackson,admin_operation,Customer_Vault,high,success,business_hours,2026-03-18 10:54:05,100,CRITICAL,Sensitive resource (high)|High-risk action: admin_operation|Unapproved resource: Customer_Vault|User privilege doing admin action|Account inactive 34 days,1,Sales,Administrator,user,2022-05-30,34,True
USR00037,ronald.wilson,login,Data_Lake,medium,success,business_hours,2026-03-18 10:54:05,32,LOW,Sensitive resource (medium)|Unapproved resource: Data_Lake,0,Finance,Coordinator,power-user,2024-03-06,25,True
USR00026,stephen.bhat,sql_query,BI_Tool,low,success,weekend,2026-03-18 10:54:05,45,MEDIUM,Unapproved resource: BI_Tool|Account inactive 33 days,1,Finance,Director,user,2022-12-14,33,True
USR00028,paul.singh,login,Customer_Vault,high,success,business_hours,2026-03-18 10:54:06,47,MEDIUM,Sensitive resource (high)|Unapproved resource: Customer_Vault,1,HR,Officer,admin,2023-11-27,28,True
USR00093,nadia.muller,api_call,PROD_DB,high,success,unusual_hours,2026-03-18 10:54:06,73,HIGH,Off-hours access (unusual_hours)|Sensitive resource (high)|Account inactive 46 days,1,Sales,Director,user,2024-02-07,46,True
USR00077,neha.taylor,file_access,GL_System,high,failure,business_hours,2026-03-19 10:54:05,65,HIGH,Sensitive resource (high)|Unapproved resource: GL_System|Access attempt FAILED,1,Finance,Architect,power-user,2023-08-29,11,True
USR00057,zainab.jo,api_call,HRIS,high,success,business_hours,2026-03-19 10:54:05,53,MEDIUM,Sensitive resource (high)|Unapproved resource: HRIS,1,Sales,Architect,admin,2024-06-15,14,True
USR00079,varun.weber,api_call,Admin_Console,medium,success,unusual_hours,2026-03-19 10:54:05,78,HIGH,Off-hours access (unusual_hours)|Sensitive resource (medium)|Unapproved resource: Admin_Console|Account inactive 52 days,1,Engineering,Engineer,user,2025-02-10,52,True
USR00048,xiulan.colombo,file_access,Data_Lake,medium,success,business_hours,2026-03-19 10:54:05,55,MEDIUM,Sensitive resource (medium)|Unapproved resource: Data_Lake|Account inactive 34 days,1,Compliance,Administrator,user,2023-10-28,34,True
USR00099,maria.bianchi,sql_query,GL_System,high,success,business_hours,2026-03-19 10:54:05,70,HIGH,Sensitive resource (high)|Unapproved resource: GL_System|Account inactive 40 days,1,Marketing,Officer,service-account,2025-10-01,40,True
USR00063,daniel.colombo,api_call,PROD_DB,high,success,business_hours,2026-03-19 10:54:05,73,HIGH,Sensitive resource (high)|Unapproved resource: PROD_DB|Account inactive 52 days,1,Sales,Specialist,power-user,2025-03-04,52,True
USR00054,edward.smith,admin_operation,SIEM,medium,success,business_hours,2026-03-19 10:54:06,80,HIGH,Sensitive resource (medium)|High-risk action: admin_operation|Unapproved resource: SIEM|User privilege doing admin action,1,Support,Specialist,user,2023-07-28,12,True
USR00064,zainab.pillai,admin_operation,HRIS,high,success,business_hours,2026-03-19 10:54:06,100,CRITICAL,Sensitive resource (high)|High-risk action: admin_operation|Unapproved resource: HRIS|User privilege doing admin action|Account inactive 58 days,1,HR,Director,user,2023-08-19,58,True
USR00091,steven.thompson,admin_operation,GL_System,high,success,unusual_hours,2026-03-19 10:54:06,85,CRITICAL,Off-hours access (unusual_hours)|Sensitive resource (high)|High-risk action: admin_operation|Unapproved resource: GL_System,1,Support,Lead,power-user,2023-02-06,26,True
USR00075,timothy.huang,sql_query,BI_Tool,low,success,business_hours,2026-03-20 10:54:05,25,LOW,Unapproved resource: BI_Tool,0,Sales,Manager,user,2023-12-15,21,True
USR00036,nicholas.harris,file_access,SIEM,medium,success,business_hours,2026-03-20 10:54:05,55,MEDIUM,Sensitive resource (medium)|Unapproved resource: SIEM|Account inactive 40 days,1,Marketing,Analyst,user,2025-11-25,40,True
USR00018,meera.burke,file_access,PROD_DB,high,success,business_hours,2026-03-20 10:54:05,70,HIGH,Sensitive resource (high)|Unapproved resource: PROD_DB|Account inactive 59 days,1,Operations,Executive,power-user,2025-10-04,59,True
USR00069,nikhil.jang,admin_operation,BI_Tool,low,success,unusual_hours,2026-03-20 10:54:05,90,CRITICAL,Off-hours access (unusual_hours)|High-risk action: admin_operation|Unapproved resource: BI_Tool|User privilege doing admin action,1,HR,Analyst,user,2023-07-16,30,True
USR00031,amitabh.taylor,api_call,BI_Tool,low,success,business_hours,2026-03-20 10:54:06,28,LOW,Unapproved resource: BI_Tool,0,Finance,Director,power-user,2024-01-24,30,True
USR00020,karan.white,login,BI_Tool,low,success,business_hours,2026-03-20 10:54:06,22,LOW,Unapproved resource: BI_Tool,0,IT,Specialist,user,2023-12-14,25,True
USR00027,pooja.sullivan,file_access,File_Share,low,success,business_hours,2026-03-20 10:54:06,45,MEDIUM,Unapproved resource: File_Share|Account inactive 34 days,1,Support,Lead,admin,2024-02-21,34,True
USR00010,jacob.patel,file_access,Admin_Console,medium,success,night,2026-03-21 10:54:05,55,MEDIUM,Off-hours access (night)|Sensitive resource (medium)|Unapproved resource: Admin_Console,1,Marketing,Architect,user,2025-09-20,1,True
USR00067,donald.wang,login,BI_Tool,low,success,business_hours,2026-03-21 10:54:05,42,MEDIUM,Unapproved resource: BI_Tool|Account inactive 54 days,1,Marketing,Manager,user,2023-07-01,54,True
USR00001,daniel.singh,api_call,Admin_Console,medium,success,business_hours,2026-03-21 10:54:05,38,LOW,Sensitive resource (medium)|Unapproved resource: Admin_Console,0,Compliance,Lead,user,2024-04-04,20,True
USR00049,thomas.kang,api_call,HRIS,high,success,business_hours,2026-03-21 10:54:06,53,MEDIUM,Sensitive resource (high)|Unapproved resource: HRIS,1,Engineering,Administrator,user,2022-08-24,24,True
USR00017,diya.schulz,export_data,Customer_Vault,high,success,night,2026-03-21 10:54:06,100,CRITICAL,Off-hours access (night)|Sensitive resource (high)|High-risk action: export_data|Unapproved resource: Customer_Vault|Account inactive 46 days,1,Executive,Manager,power-user,2025-04-02,46,True
USR00052,leila.sun,login,HRIS,high,success,business_hours,2026-03-21 10:54:06,67,HIGH,Sensitive resource (high)|Unapproved resource: HRIS|Account inactive 53 days,1,Engineering,Administrator,user,2024-04-05,53,True
USR00013,jonathan.jackson,admin_operation,Customer_Vault,high,success,business_hours,2026-03-21 10:54:06,100,CRITICAL,Sensitive resource (high)|High-risk action: admin_operation|Unapproved resource: Customer_Vault|User privilege doing admin action|Account inactive 34 days,1,Sales,Administrator,user,2022-05-30,34,True
USR00081,isha.ghosh,export_data,BI_Tool,low,success,business_hours,2026-03-21 10:54:06,65,HIGH,High-risk action: export_data|Unapproved resource: BI_Tool|Account inactive 44 days,1,IT,Manager,power-user,2025-12-26,44,True
USR00039,stephen.bhat,file_access,Email_Archive,medium,success,business_hours,2026-03-21 10:54:06,35,LOW,Sensitive resource (medium)|Unapproved resource: Email_Archive,0,Engineering,Engineer,user,2023-09-11,25,True
USR00013,jonathan.jackson,sql_query,Admin_Console,medium,success,business_hours,2026-03-22 10:54:05,55,MEDIUM,Sensitive resource (medium)|Unapproved resource: Admin_Console|Account inactive 34 days,1,Sales,Administrator,user,2022-05-30,34,True
USR00046,deepika.li,sql_query,GL_System,high,success,business_hours,2026-03-22 10:54:05,70,HIGH,Sensitive resource (high)|Unapproved resource: GL_System|Account inactive 48 days,1,Support,Manager,user,2024-07-14,48,True
USR00011,maria.o'brien,login,Data_Lake,medium,success,unusual_hours,2026-03-22 10:54:05,52,MEDIUM,Off-hours access (unusual_hours)|Sensitive resource (medium)|Unapproved resource: Data_Lake,1,Security,Administrator,user,2025-09-10,16,True
USR00088,william.jang,login,BI_Tool,low,success,night,2026-03-22 10:54:06,62,MEDIUM,Off-hours access (night)|Unapproved resource: BI_Tool|Account inactive 36 days,1,Engineering,Engineer,admin,2024-10-14,36,True
USR00006,kevin.ramirez,login,Admin_Console,medium,success,unusual_hours,2026-03-22 10:54:06,72,HIGH,Off-hours access (unusual_hours)|Sensitive resource (medium)|Unapproved resource: Admin_Console|Account inactive 46 days,1,Legal,Architect,power-user,2024-05-08,46,True
USR00002,kenneth.moore,api_call,Email_Archive,medium,success,unusual_hours,2026-03-22 10:54:06,58,MEDIUM,Off-hours access (unusual_hours)|Sensitive resource (medium)|Unapproved resource: Email_Archive,1,Sales,Architect,service-account,2025-12-07,13,True
USR00095,priya.petit,file_access,HRIS,high,success,business_hours,2026-03-23 10:54:05,50,MEDIUM,Sensitive resource (high)|Unapproved resource: HRIS,1,HR,Architect,user,2023-04-28,20,True
USR00039,stephen.bhat,login,PROD_DB,high,success,night,2026-03-23 10:54:05,67,HIGH,Off-hours access (night)|Sensitive resource (high)|Unapproved resource: PROD_DB,1,Engineering,Engineer,user,2023-09-11,25,True
USR00094,donald.schulz,sql_query,SIEM,medium,success,business_hours,2026-03-23 10:54:05,35,LOW,Sensitive resource (medium)|Unapproved resource: SIEM,0,Sales,Officer,user,2024-01-04,28,True
USR00040,nicholas.romano,admin_operation,PROD_DB,high,success,unusual_hours,2026-03-23 10:54:05,100,CRITICAL,Off-hours access (unusual_hours)|Sensitive resource (high)|High-risk action: admin_operation|Unapproved resource: PROD_DB|Account inactive 52 days,1,Security,Officer,power-user,2023-12-02,52,True
USR00059,thomas.lewis,export_data,Data_Lake,medium,success,weekend,2026-03-23 10:54:05,75,HIGH,Sensitive resource (medium)|High-risk action: export_data|Unapproved resource: Data_Lake|Account inactive 58 days,1,Finance,Director,power-user,2024-08-12,58,True
USR00020,karan.white,api_call,GL_System,high,success,weekend,2026-03-23 10:54:05,53,MEDIUM,Sensitive resource (high)|Unapproved resource: GL_System,1,IT,Specialist,user,2023-12-14,25,True
USR00093,nadia.muller,file_access,PROD_DB,high,success,weekend,2026-03-23 10:54:05,50,MEDIUM,Sensitive resource (high)|Account inactive 46 days,1,Sales,Director,user,2024-02-07,46,True
USR00085,varun.rao,file_access,Admin_Console,medium,success,night,2026-03-23 10:54:06,75,HIGH,Off-hours access (night)|Sensitive resource (medium)|Unapproved resource: Admin_Console|Account inactive 44 days,1,Marketing,Developer,user,2022-07-24,44,True
USR00084,aditya.gupta,admin_operation,SIEM,medium,success,business_hours,2026-03-23 10:54:06,70,HIGH,Sensitive resource (medium)|High-risk action: admin_operation|Unapproved resource: SIEM|Account inactive 59 days,1,Engineering,Analyst,admin,2023-06-17,59,True
USR00000,pooja.murphy,file_access,Data_Lake,medium,success,unusual_hours,2026-03-23 10:54:06,75,HIGH,Off-hours access (unusual_hours)|Sensitive resource (medium)|Unapproved resource: Data_Lake|Account inactive 59 days,1,Executive,Developer,user,2024-12-21,59,True
USR00055,neha.johnson,login,Email_Archive,medium,success,business_hours,2026-03-23 10:54:06,52,MEDIUM,Sensitive resource (medium)|Unapproved resource: Email_Archive|Account inactive 49 days,1,Sales,Analyst,user,2025-05-20,49,True
USR00050,nisha.martinez,login,Data_Lake,medium,success,business_hours,2026-03-24 10:54:05,32,LOW,Sensitive resource (medium)|Unapproved resource: Data_Lake,0,HR,Architect,user,2024-02-19,25,True
USR00040,nicholas.romano,admin_operation,Customer_Vault,high,success,business_hours,2026-03-24 10:54:05,85,CRITICAL,Sensitive resource (high)|High-risk action: admin_operation|Unapproved resource: Customer_Vault|Account inactive 52 days,1,Security,Officer,power-user,2023-12-02,52,True
USR00056,william.kumar,file_access,GL_System,high,success,business_hours,2026-03-24 10:54:05,70,HIGH,Sensitive resource (high)|Unapproved resource: GL_System|Account inactive 58 days,1,Compliance,Manager,user,2023-09-13,58,True
USR00018,meera.burke,sql_query,Customer_Vault,high,success,business_hours,2026-03-24 10:54:05,70,HIGH,Sensitive resource (high)|Unapproved resource: Customer_Vault|Account inactive 59 days,1,Operations,Executive,power-user,2025-10-04,59,True
USR00059,thomas.lewis,api_call,PROD_DB,high,success,business_hours,2026-03-24 10:54:05,73,HIGH,Sensitive resource (high)|Unapproved resource: PROD_DB|Account inactive 58 days,1,Finance,Director,power-user,2024-08-12,58,True
USR00003,sanjana.li,export_data,HRIS,high,success,weekend,2026-03-24 10:54:06,70,HIGH,Sensitive resource (high)|High-risk action: export_data|Unapproved resource: HRIS,1,Marketing,Director,user,2023-04-21,13,True
USR00074,mark.he,export_data,Data_Lake,medium,success,business_hours,2026-03-24 10:54:06,55,MEDIUM,Sensitive resource (medium)|High-risk action: export_data|Unapproved resource: Data_Lake,1,Security,Officer,user,2022-03-26,0,True
USR00030,yuki.meyer,login,Email_Archive,medium,success,business_hours,2026-03-24 10:54:06,32,LOW,Sensitive resource (medium)|Unapproved resource: Email_Archive,0,Marketing,Manager,service-account,2025-04-07,24,True
USR00066,ronald.martin,file_access,GL_System,high,success,business_hours,2026-03-25 10:54:05,50,MEDIUM,Sensitive resource (high)|Unapproved resource: GL_System,1,Security,Specialist,user,2025-12-10,29,True
USR00037,ronald.wilson,login,HRIS,high,success,unusual_hours,2026-03-25 10:54:05,67,HIGH,Off-hours access (unusual_hours)|Sensitive resource (high)|Unapproved resource: HRIS,1,Finance,Coordinator,power-user,2024-03-06,25,True
USR00066,ronald.martin,login,File_Share,low,success,weekend,2026-03-25 10:54:05,22,LOW,Unapproved resource: File_Share,0,Security,Specialist,user,2025-12-10,29,True
USR00093,nadia.muller,admin_operation,File_Share,low,success,business_hours,2026-03-25 10:54:06,90,CRITICAL,High-risk action: admin_operation|Unapproved resource: File_Share|User privilege doing admin action|Account inactive 46 days,1,Sales,Director,user,2024-02-07,46,True
USR00063,daniel.colombo,admin_operation,HRIS,high,success,weekend,2026-03-26 10:54:05,85,CRITICAL,Sensitive resource (high)|High-risk action: admin_operation|Unapproved resource: HRIS|Account inactive 52 days,1,Sales,Specialist,power-user,2025-03-04,52,True
USR00016,elena.dubois,file_access,HRIS,high,success,business_hours,2026-03-26 10:54:05,70,HIGH,Sensitive resource (high)|Unapproved resource: HRIS|Account inactive 32 days,1,IT,Specialist,user,2024-12-06,32,True
USR00081,isha.ghosh,admin_operation,GL_System,high,success,business_hours,2026-03-26 10:54:05,85,CRITICAL,Sensitive resource (high)|High-risk action: admin_operation|Unapproved resource: GL_System|Account inactive 44 days,1,IT,Manager,power-user,2025-12-26,44,True
USR00005,george.lim,sql_query,BI_Tool,low,success,weekend,2026-03-26 10:54:05,45,MEDIUM,Unapproved resource: BI_Tool|Account inactive 57 days,1,Engineering,Administrator,user,2025-05-25,57,True
USR00023,isha.jones,login,HRIS,high,success,weekend,2026-03-26 10:54:05,67,HIGH,Sensitive resource (high)|Unapproved resource: HRIS|Account inactive 55 days,1,Legal,Director,power-user,2024-03-25,55,True
USR00065,timothy.xu,api_call,Customer_Vault,high,success,business_hours,2026-03-26 10:54:05,53,MEDIUM,Sensitive resource (high)|Unapproved resource: Customer_Vault,1,Marketing,Architect,user,2023-02-03,6,True
USR00079,varun.weber,sql_query,SIEM,medium,success,business_hours,2026-03-26 10:54:05,55,MEDIUM,Sensitive resource (medium)|Unapproved resource: SIEM|Account inactive 52 days,1,Engineering,Engineer,user,2025-02-10,52,True
USR00035,nikhil.rao,sql_query,SIEM,medium,success,weekend,2026-03-26 10:54:06,10,LOW,Sensitive resource (medium)|Account inactive 56 days,0,Executive,Lead,admin,2025-07-05,56,True
USR00035,nikhil.rao,login,BI_Tool,low,success,night,2026-03-26 10:54:06,62,MEDIUM,Off-hours access (night)|Unapproved resource: BI_Tool|Account inactive 56 days,1,Executive,Lead,admin,2025-07-05,56,True
USR00046,deepika.li,sql_query,GL_System,high,failure,business_hours,2026-03-27 10:54:05,85,CRITICAL,Sensitive resource (high)|Unapproved resource: GL_System|Access attempt FAILED|Account inactive 48 days,1,Support,Manager,user,2024-07-14,48,True
USR00064,zainab.pillai,export_data,Customer_Vault,high,success,unusual_hours,2026-03-27 10:54:05,100,CRITICAL,Off-hours access (unusual_hours)|Sensitive resource (high)|High-risk action: export_data|Unapproved resource: Customer_Vault|Account inactive 58 days,1,HR,Director,user,2023-08-19,58,True
USR00038,aisha.kim,admin_operation,BI_Tool,low,success,unusual_hours,2026-03-27 10:54:05,90,CRITICAL,Off-hours access (unusual_hours)|High-risk action: admin_operation|Unapproved resource: BI_Tool|User privilege doing admin action,1,Compliance,Engineer,user,2022-07-14,5,True
USR00056,william.kumar,export_data,HRIS,high,success,business_hours,2026-03-27 10:54:05,90,CRITICAL,Sensitive resource (high)|High-risk action: export_data|Unapproved resource: HRIS|Account inactive 58 days,1,Compliance,Manager,user,2023-09-13,58,True
USR00096,edward.thomas,admin_operation,Data_Lake,medium,success,business_hours,2026-03-27 10:54:06,50,MEDIUM,Sensitive resource (medium)|High-risk action: admin_operation|Unapproved resource: Data_Lake,1,Operations,Officer,service-account,2023-04-08,24,True
USR00046,deepika.li,api_call,Email_Archive,medium,success,business_hours,2026-03-27 10:54:06,58,MEDIUM,Sensitive resource (medium)|Unapproved resource: Email_Archive|Account inactive 48 days,1,Support,Manager,user,2024-07-14,48,True
USR00095,priya.petit,api_call,SIEM,medium,success,business_hours,2026-03-28 10:54:05,38,LOW,Sensitive resource (medium)|Unapproved resource: SIEM,0,HR,Architect,user,2023-04-28,20,True
USR00076,stephen.guo,login,Admin_Console,medium,success,business_hours,2026-03-28 10:54:05,32,LOW,Sensitive resource (medium)|Unapproved resource: Admin_Console,0,Finance,Lead,user,2025-10-30,8,True
USR00067,donald.wang,export_data,PROD_DB,high,success,business_hours,2026-03-28 10:54:05,70,HIGH,Sensitive resource (high)|High-risk action: export_data|Account inactive 54 days,1,Marketing,Manager,user,2023-07-01,54,True
USR00008,thomas.iyer,export_data,File_Share,low,success,business_hours,2026-03-28 10:54:06,65,HIGH,High-risk action: export_data|Unapproved resource: File_Share|Account inactive 57 days,1,Sales,Administrator,user,2022-04-27,57,True
USR00069,nikhil.jang,export_data,BI_Tool,low,success,business_hours,2026-03-28 10:54:06,45,MEDIUM,High-risk action: export_data|Unapproved resource: BI_Tool,1,HR,Analyst,user,2023-07-16,30,True
USR00042,kenneth.sanchez,api_call,Customer_Vault,high,success,business_hours,2026-03-28 10:54:06,73,HIGH,Sensitive resource (high)|Unapproved resource: Customer_Vault|Account inactive 46 days,1,Support,Engineer,user,2023-12-06,46,True
USR00032,pooja.martin,file_access,GL_System,high,success,night,2026-03-28 10:54:06,70,HIGH,Off-hours access (night)|Sensitive resource (high)|Unapproved resource: GL_System,1,Support,Coordinator,user,2023-06-21,13,True
USR00046,deepika.li,export_data,File_Share,low,success,business_hours,2026-03-28 10:54:06,65,HIGH,High-risk action: export_data|Unapproved resource: File_Share|Account inactive 48 days,1,Support,Manager,user,2024-07-14,48,True
USR00056,william.kumar,login,HRIS,high,success,business_hours,2026-03-28 10:54:06,67,HIGH,Sensitive resource (high)|Unapproved resource: HRIS|Account inactive 58 days,1,Compliance,Manager,user,2023-09-13,58,True
USR00097,leila.lopez,admin_operation,Data_Lake,medium,success,business_hours,2026-03-28 10:54:06,100,CRITICAL,Sensitive resource (medium)|High-risk action: admin_operation|Unapproved resource: Data_Lake|User privilege doing admin action|Account inactive 43 days,1,IT,Executive,user,2025-01-27,43,True
USR00070,jeffrey.chen,api_call,SIEM,medium,success,business_hours,2026-03-28 10:54:06,38,LOW,Sensitive resource (medium)|Unapproved resource: SIEM,0,IT,Administrator,power-user,2024-02-02,19,True
USR00055,neha.johnson,admin_operation,HRIS,high,success,business_hours,2026-03-28 10:54:06,100,CRITICAL,Sensitive resource (high)|High-risk action: admin_operation|Unapproved resource: HRIS|User privilege doing admin action|Account inactive 49 days,1,Sales,Analyst,user,2025-05-20,49,True
USR00088,william.jang,api_call,GL_System,high,success,night,2026-03-28 10:54:06,93,CRITICAL,Off-hours access (night)|Sensitive resource (high)|Unapproved resource: GL_System|Account inactive 36 days,1,Engineering,Engineer,admin,2024-10-14,36,True
USR00014,david.thomas,admin_operation,SIEM,medium,success,business_hours,2026-03-29 10:54:05,80,HIGH,Sensitive resource (medium)|High-risk action: admin_operation|Unapproved resource: SIEM|User privilege doing admin action,1,Support,Architect,user,2025-06-17,2,True
USR00093,nadia.muller,sql_query,Customer_Vault,high,success,business_hours,2026-03-29 10:54:05,70,HIGH,Sensitive resource (high)|Unapproved resource: Customer_Vault|Account inactive 46 days,1,Sales,Director,user,2024-02-07,46,True
USR00059,thomas.lewis,export_data,Email_Archive,medium,success,weekend,2026-03-29 10:54:05,75,HIGH,Sensitive resource (medium)|High-risk action: export_data|Unapproved resource: Email_Archive|Account inactive 58 days,1,Finance,Director,power-user,2024-08-12,58,True
USR00017,diya.schulz,api_call,File_Share,low,success,business_hours,2026-03-29 10:54:05,48,MEDIUM,Unapproved resource: File_Share|Account inactive 46 days,1,Executive,Manager,power-user,2025-04-02,46,True
USR00086,ryan.colombo,login,Admin_Console,medium,success,business_hours,2026-03-29 10:54:06,52,MEDIUM,Sensitive resource (medium)|Unapproved resource: Admin_Console|Account inactive 49 days,1,Engineering,Analyst,service-account,2024-11-18,49,True
USR00089,isha.chen,admin_operation,PROD_DB,high,success,business_hours,2026-03-29 10:54:06,65,HIGH,Sensitive resource (high)|High-risk action: admin_operation|Unapproved resource: PROD_DB,1,Compliance,Coordinator,service-account,2025-06-09,18,True
USR00057,zainab.jo,admin_operation,Customer_Vault,high,success,business_hours,2026-03-29 10:54:06,65,HIGH,Sensitive resource (high)|High-risk action: admin_operation|Unapproved resource: Customer_Vault,1,Sales,Architect,admin,2024-06-15,14,True
USR00095,priya.petit,file_access,PROD_DB,high,success,night,2026-03-30 10:54:05,70,HIGH,Off-hours access (night)|Sensitive resource (high)|Unapproved resource: PROD_DB,1,HR,Architect,user,2023-04-28,20,True
USR00053,timothy.jo,api_call,Email_Archive,medium,success,business_hours,2026-03-30 10:54:05,38,LOW,Sensitive resource (medium)|Unapproved resource: Email_Archive,0,Engineering,Engineer,user,2025-09-20,11,True
USR00077,neha.taylor,export_data,PROD_DB,high,success,business_hours,2026-03-30 10:54:05,50,MEDIUM,Sensitive resource (high)|High-risk action: export_data,1,Finance,Architect,power-user,2023-08-29,11,True
USR00060,vikram.gonzalez,login,Admin_Console,medium,success,business_hours,2026-03-30 10:54:05,32,LOW,Sensitive resource (medium)|Unapproved resource: Admin_Console,0,Sales,Developer,power-user,2022-06-14,4,True
USR00098,jason.white,export_data,SIEM,medium,success,night,2026-03-30 10:54:06,95,CRITICAL,Off-hours access (night)|Sensitive resource (medium)|High-risk action: export_data|Unapproved resource: SIEM|Account inactive 52 days,1,Compliance,Lead,power-user,2023-04-03,52,True
USR00094,donald.schulz,export_data,File_Share,low,success,business_hours,2026-03-30 10:54:06,45,MEDIUM,High-risk action: export_data|Unapproved resource: File_Share,1,Sales,Officer,user,2024-01-04,28,True
USR00050,nisha.martinez,sql_query,PROD_DB,high,success,unusual_hours,2026-03-30 10:54:06,70,HIGH,Off-hours access (unusual_hours)|Sensitive resource (high)|Unapproved resource: PROD_DB,1,HR,Architect,user,2024-02-19,25,True
USR00077,neha.taylor,admin_operation,File_Share,low,success,business_hours,2026-03-31 10:54:05,40,MEDIUM,High-risk action: admin_operation|Unapproved resource: File_Share,1,Finance,Architect,power-user,2023-08-29,11,True
USR00092,charles.sullivan,login,PROD_DB,high,success,unusual_hours,2026-03-31 10:54:05,67,HIGH,Off-hours access (unusual_hours)|Sensitive resource (high)|Unapproved resource: PROD_DB,1,IT,Executive,user,2025-12-05,28,True
USR00079,varun.weber,export_data,File_Share,low,success,unusual_hours,2026-03-31 10:54:05,85,CRITICAL,Off-hours access (unusual_hours)|High-risk action: export_data|Unapproved resource: File_Share|Account inactive 52 days,1,Engineering,Engineer,user,2025-02-10,52,True
USR00096,edward.thomas,admin_operation,Data_Lake,medium,success,unusual_hours,2026-03-31 10:54:05,70,HIGH,Off-hours access (unusual_hours)|Sensitive resource (medium)|High-risk action: admin_operation|Unapproved resource: Data_Lake,1,Operations,Officer,service-account,2023-04-08,24,True
USR00074,mark.he,export_data,Email_Archive,medium,success,business_hours,2026-03-31 10:54:05,55,MEDIUM,Sensitive resource (medium)|High-risk action: export_data|Unapproved resource: Email_Archive,1,Security,Officer,user,2022-03-26,0,True
USR00027,pooja.sullivan,login,SIEM,medium,success,business_hours,2026-03-31 10:54:05,7,LOW,Sensitive resource (medium)|Account inactive 34 days,0,Support,Lead,admin,2024-02-21,34,True
USR00044,pooja.mishra,admin_operation,HRIS,high,success,unusual_hours,2026-03-31 10:54:05,100,CRITICAL,Off-hours access (unusual_hours)|Sensitive resource (high)|High-risk action: admin_operation|Unapproved resource: HRIS|Account inactive 59 days,1,Finance,Developer,admin,2023-11-18,59,True
USR00051,meera.quinn,export_data,Data_Lake,medium,success,business_hours,2026-03-31 10:54:05,55,MEDIUM,Sensitive resource (medium)|High-risk action: export_data|Unapproved resource: Data_Lake,1,Executive,Developer,user,2025-01-26,30,True
USR00090,neha.o'brien,sql_query,BI_Tool,low,success,night,2026-03-31 10:54:06,65,HIGH,Off-hours access (night)|Unapproved resource: BI_Tool|Account inactive 57 days,1,Finance,Officer,admin,2024-07-03,57,True
USR00087,aditya.taylor,export_data,PROD_DB,high,success,unusual_hours,2026-03-31 10:54:06,90,CRITICAL,Off-hours access (unusual_hours)|Sensitive resource (high)|High-risk action: export_data|Unapproved resource: PROD_DB,1,Marketing,Manager,power-user,2023-04-29,28,True
USR00054,edward.smith,login,Data_Lake,medium,success,business_hours,2026-04-01 10:54:05,32,LOW,Sensitive resource (medium)|Unapproved resource: Data_Lake,0,Support,Specialist,user,2023-07-28,12,True
USR00022,harsh.patel,api_call,Email_Archive,medium,success,unusual_hours,2026-04-01 10:54:05,78,HIGH,Off-hours access (unusual_hours)|Sensitive resource (medium)|Unapproved resource: Email_Archive|Account inactive 52 days,1,Legal,Specialist,user,2025-04-22,52,True
USR00052,leila.sun,admin_operation,Customer_Vault,high,success,business_hours,2026-04-01 10:54:05,100,CRITICAL,Sensitive resource (high)|High-risk action: admin_operation|Unapproved resource: Customer_Vault|User privilege doing admin action|Account inactive 53 days,1,Engineering,Administrator,user,2024-04-05,53,True
USR00024,nicholas.jackson,file_access,Email_Archive,medium,success,business_hours,2026-04-01 10:54:05,55,MEDIUM,Sensitive resource (medium)|Unapproved resource: Email_Archive|Account inactive 31 days,1,Compliance,Lead,user,2023-11-01,31,True
USR00061,sophia.hernandez,sql_query,Admin_Console,medium,success,unusual_hours,2026-04-01 10:54:06,75,HIGH,Off-hours access (unusual_hours)|Sensitive resource (medium)|Unapproved resource: Admin_Console|Account inactive 35 days,1,Support,Developer,user,2023-04-13,35,True
USR00079,varun.weber,login,BI_Tool,low,success,business_hours,2026-04-01 10:54:06,42,MEDIUM,Unapproved resource: BI_Tool|Account inactive 52 days,1,Engineering,Engineer,user,2025-02-10,52,True
USR00045,stephen.kumar,admin_operation,BI_Tool,low,success,business_hours,2026-04-01 10:54:06,70,HIGH,High-risk action: admin_operation|Unapproved resource: BI_Tool|User privilege doing admin action,1,Security,Coordinator,user,2022-09-10,26,True
USR00061,sophia.hernandez,login,GL_System,high,success,business_hours,2026-04-01 10:54:06,67,HIGH,Sensitive resource (high)|Unapproved resource: GL_System|Account inactive 35 days,1,Support,Developer,user,2023-04-13,35,True
USR00083,ryan.thomas,api_call,HRIS,high,success,business_hours,2026-04-02 10:54:05,53,MEDIUM,Sensitive resource (high)|Unapproved resource: HRIS,1,Marketing,Executive,service-account,2025-02-21,17,True
USR00085,varun.rao,api_call,Customer_Vault,high,success,business_hours,2026-04-02 10:54:05,73,HIGH,Sensitive resource (high)|Unapproved resource: Customer_Vault|Account inactive 44 days,1,Marketing,Developer,user,2022-07-24,44,True
USR00001,daniel.singh,api_call,Customer_Vault,high,success,night,2026-04-02 10:54:05,73,HIGH,Off-hours access (night)|Sensitive resource (high)|Unapproved resource: Customer_Vault,1,Compliance,Lead,user,2024-04-04,20,True
USR00034,harsh.jones,admin_operation,SIEM,medium,success,unusual_hours,2026-04-02 10:54:05,90,CRITICAL,Off-hours access (unusual_hours)|Sensitive resource (medium)|High-risk action: admin_operation|Unapproved resource: SIEM|Account inactive 43 days,1,Operations,Specialist,service-account,2024-10-23,43,True
USR00079,varun.weber,admin_operation,File_Share,low,success,business_hours,2026-04-02 10:54:05,90,CRITICAL,High-risk action: admin_operation|Unapproved resource: File_Share|User privilege doing admin action|Account inactive 52 days,1,Engineering,Engineer,user,2025-02-10,52,True
USR00040,nicholas.romano,sql_query,SIEM,medium,success,business_hours,2026-04-02 10:54:06,55,MEDIUM,Sensitive resource (medium)|Unapproved resource: SIEM|Account inactive 52 days,1,Security,Officer,power-user,2023-12-02,52,True
USR00066,ronald.martin,file_access,GL_System,high,success,business_hours,2026-04-02 10:54:06,50,MEDIUM,Sensitive resource (high)|Unapproved resource: GL_System,1,Security,Specialist,user,2025-12-10,29,True
USR00065,timothy.xu,export_data,GL_System,high,success,night,2026-04-02 10:54:06,90,CRITICAL,Off-hours access (night)|Sensitive resource (high)|High-risk action: export_data|Unapproved resource: GL_System,1,Marketing,Architect,user,2023-02-03,6,True
USR00056,william.kumar,sql_query,File_Share,low,success,business_hours,2026-04-03 10:54:05,45,MEDIUM,Unapproved resource: File_Share|Account inactive 58 days,1,Compliance,Manager,user,2023-09-13,58,True
USR00011,maria.o'brien,api_call,File_Share,low,success,business_hours,2026-04-03 10:54:05,28,LOW,Unapproved resource: File_Share,0,Security,Administrator,user,2025-09-10,16,True
USR00081,isha.ghosh,export_data,Data_Lake,medium,success,business_hours,2026-04-03 10:54:05,75,HIGH,Sensitive resource (medium)|High-risk action: export_data|Unapproved resource: Data_Lake|Account inactive 44 days,1,IT,Manager,power-user,2025-12-26,44,True
USR00081,isha.ghosh,api_call,Admin_Console,medium,success,business_hours,2026-04-03 10:54:05,58,MEDIUM,Sensitive resource (medium)|Unapproved resource: Admin_Console|Account inactive 44 days,1,IT,Manager,power-user,2025-12-26,44,True
USR00047,george.clark,file_access,File_Share,low,success,business_hours,2026-04-03 10:54:05,45,MEDIUM,Unapproved resource: File_Share|Account inactive 55 days,1,Engineering,Lead,power-user,2024-04-12,55,True
USR00066,ronald.martin,login,Admin_Console,medium,success,business_hours,2026-04-03 10:54:05,32,LOW,Sensitive resource (medium)|Unapproved resource: Admin_Console,0,Security,Specialist,user,2025-12-10,29,True
USR00094,donald.schulz,api_call,Data_Lake,medium,success,business_hours,2026-04-03 10:54:05,38,LOW,Sensitive resource (medium)|Unapproved resource: Data_Lake,0,Sales,Officer,user,2024-01-04,28,True
USR00048,xiulan.colombo,login,Email_Archive,medium,success,unusual_hours,2026-04-03 10:54:05,72,HIGH,Off-hours access (unusual_hours)|Sensitive resource (medium)|Unapproved resource: Email_Archive|Account inactive 34 days,1,Compliance,Administrator,user,2023-10-28,34,True
USR00053,timothy.jo,admin_operation,GL_System,high,success,business_hours,2026-04-03 10:54:06,95,CRITICAL,Sensitive resource (high)|High-risk action: admin_operation|Unapproved resource: GL_System|User privilege doing admin action,1,Engineering,Engineer,user,2025-09-20,11,True
USR00035,nikhil.rao,admin_operation,GL_System,high,success,business_hours,2026-04-03 10:54:06,85,CRITICAL,Sensitive resource (high)|High-risk action: admin_operation|Unapproved resource: GL_System|Account inactive 56 days,1,Executive,Lead,admin,2025-07-05,56,True
USR00060,vikram.gonzalez,login,Customer_Vault,high,success,unusual_hours,2026-04-04 10:54:05,67,HIGH,Off-hours access (unusual_hours)|Sensitive resource (high)|Unapproved resource: Customer_Vault,1,Sales,Developer,power-user,2022-06-14,4,True
USR00048,xiulan.colombo,login,Email_Archive,medium,success,business_hours,2026-04-04 10:54:05,52,MEDIUM,Sensitive resource (medium)|Unapproved resource: Email_Archive|Account inactive 34 days,1,Compliance,Administrator,user,2023-10-28,34,True
USR00030,yuki.meyer,sql_query,Data_Lake,medium,success,night,2026-04-04 10:54:05,55,MEDIUM,Off-hours access (night)|Sensitive resource (medium)|Unapproved resource: Data_Lake,1,Marketing,Manager,service-account,2025-04-07,24,True
USR00072,amitabh.park,export_data,GL_System,high,success,business_hours,2026-04-04 10:54:06,90,CRITICAL,Sensitive resource (high)|High-risk action: export_data|Unapproved resource: GL_System|Account inactive 44 days,1,Legal,Analyst,user,2025-12-13,44,True
USR00071,richard.johnson,api_call,Customer_Vault,high,success,weekend,2026-04-04 10:54:06,53,MEDIUM,Sensitive resource (high)|Unapproved resource: Customer_Vault,1,HR,Administrator,user,2022-03-25,23,True
USR00042,kenneth.sanchez,admin_operation,PROD_DB,high,success,unusual_hours,2026-04-04 10:54:06,100,CRITICAL,Off-hours access (unusual_hours)|Sensitive resource (high)|High-risk action: admin_operation|Unapproved resource: PROD_DB|User privilege doing admin action|Account inactive 46 days,1,Support,Engineer,user,2023-12-06,46,True
USR00056,william.kumar,login,File_Share,low,success,weekend,2026-04-04 10:54:06,42,MEDIUM,Unapproved resource: File_Share|Account inactive 58 days,1,Compliance,Manager,user,2023-09-13,58,True
USR00044,pooja.mishra,file_access,PROD_DB,high,success,business_hours,2026-04-04 10:54:06,70,HIGH,Sensitive resource (high)|Unapproved resource: PROD_DB|Account inactive 59 days,1,Finance,Developer,admin,2023-11-18,59,True
USR00016,elena.dubois,api_call,File_Share,low,failure,business_hours,2026-04-05 10:54:05,63,MEDIUM,Unapproved resource: File_Share|Access attempt FAILED|Account inactive 32 days,1,IT,Specialist,user,2024-12-06,32,True
USR00098,jason.white,admin_operation,File_Share,low,success,business_hours,2026-04-05 10:54:05,60,MEDIUM,High-risk action: admin_operation|Unapproved resource: File_Share|Account inactive 52 days,1,Compliance,Lead,power-user,2023-04-03,52,True
USR00085,varun.rao,login,PROD_DB,high,success,business_hours,2026-04-05 10:54:05,67,HIGH,Sensitive resource (high)|Unapproved resource: PROD_DB|Account inactive 44 days,1,Marketing,Developer,user,2022-07-24,44,True
USR00091,steven.thompson,admin_operation,Email_Archive,medium,success,business_hours,2026-04-05 10:54:05,50,MEDIUM,Sensitive resource (medium)|High-risk action: admin_operation|Unapproved resource: Email_Archive,1,Support,Lead,power-user,2023-02-06,26,True
USR00023,isha.jones,export_data,HRIS,high,success,business_hours,2026-04-05 10:54:05,90,CRITICAL,Sensitive resource (high)|High-risk action: export_data|Unapproved resource: HRIS|Account inactive 55 days,1,Legal,Director,power-user,2024-03-25,55,True
USR00093,nadia.muller,admin_operation,HRIS,high,success,business_hours,2026-04-05 10:54:06,100,CRITICAL,Sensitive resource (high)|High-risk action: admin_operation|Unapproved resource: HRIS|User privilege doing admin action|Account inactive 46 days,1,Sales,Director,user,2024-02-07,46,True
USR00068,robert.patel,file_access,BI_Tool,low,success,business_hours,2026-04-06 10:54:05,25,LOW,Unapproved resource: BI_Tool,0,Support,Lead,admin,2024-10-25,7,True
USR00004,diya.anderson,export_data,Admin_Console,medium,success,weekend,2026-04-06 10:54:05,55,MEDIUM,Sensitive resource (medium)|High-risk action: export_data|Unapproved resource: Admin_Console,1,Marketing,Administrator,user,2022-10-18,14,True
USR00015,sophia.white,sql_query,GL_System,high,success,business_hours,2026-04-06 10:54:05,50,MEDIUM,Sensitive resource (high)|Unapproved resource: GL_System,1,Security,Developer,admin,2025-10-04,24,True
USR00092,charles.sullivan,export_data,HRIS,high,success,night,2026-04-06 10:54:05,90,CRITICAL,Off-hours access (night)|Sensitive resource (high)|High-risk action: export_data|Unapproved resource: HRIS,1,IT,Executive,user,2025-12-05,28,True
USR00086,ryan.colombo,file_access,Email_Archive,medium,success,night,2026-04-06 10:54:06,75,HIGH,Off-hours access (night)|Sensitive resource (medium)|Unapproved resource: Email_Archive|Account inactive 49 days,1,Engineering,Analyst,service-account,2024-11-18,49,True
USR00049,thomas.kang,admin_operation,File_Share,low,success,business_hours,2026-04-06 10:54:06,70,HIGH,High-risk action: admin_operation|Unapproved resource: File_Share|User privilege doing admin action,1,Engineering,Administrator,user,2022-08-24,24,True
USR00080,david.rodriguez,admin_operation,GL_System,high,failure,unusual_hours,2026-04-07 10:54:05,100,CRITICAL,Off-hours access (unusual_hours)|Sensitive resource (high)|High-risk action: admin_operation|Unapproved resource: GL_System|Access attempt FAILED|Account inactive 43 days,1,HR,Developer,service-account,2023-04-22,43,True
USR00068,robert.patel,sql_query,Admin_Console,medium,success,business_hours,2026-04-07 10:54:05,35,LOW,Sensitive resource (medium)|Unapproved resource: Admin_Console,0,Support,Lead,admin,2024-10-25,7,True
USR00007,robert.smith,admin_operation,Email_Archive,medium,success,unusual_hours,2026-04-07 10:54:05,100,CRITICAL,Off-hours access (unusual_hours)|Sensitive resource (medium)|High-risk action: admin_operation|Unapproved resource: Email_Archive|User privilege doing admin action|Account inactive 44 days,1,Operations,Lead,user,2025-05-25,44,True
USR00053,timothy.jo,file_access,HRIS,high,failure,unusual_hours,2026-04-07 10:54:06,85,CRITICAL,Off-hours access (unusual_hours)|Sensitive resource (high)|Unapproved resource: HRIS|Access attempt FAILED,1,Engineering,Engineer,user,2025-09-20,11,True
USR00011,maria.o'brien,api_call,File_Share,low,success,business_hours,2026-04-07 10:54:06,28,LOW,Unapproved resource: File_Share,0,Security,Administrator,user,2025-09-10,16,True
USR00044,pooja.mishra,export_data,GL_System,high,success,business_hours,2026-04-07 10:54:06,90,CRITICAL,Sensitive resource (high)|High-risk action: export_data|Unapproved resource: GL_System|Account inactive 59 days,1,Finance,Developer,admin,2023-11-18,59,True
USR00021,rohan.harris,api_call,Email_Archive,medium,success,business_hours,2026-04-07 10:54:06,58,MEDIUM,Sensitive resource (medium)|Unapproved resource: Email_Archive|Account inactive 33 days,1,Marketing,Executive,user,2022-12-22,33,True
USR00097,leila.lopez,admin_operation,Data_Lake,medium,success,unusual_hours,2026-04-07 10:54:06,100,CRITICAL,Off-hours access (unusual_hours)|Sensitive resource (medium)|High-risk action: admin_operation|Unapproved resource: Data_Lake|User privilege doing admin action|Account inactive 43 days,1,IT,Executive,user,2025-01-27,43,True
USR00054,edward.smith,admin_operation,Data_Lake,medium,success,night,2026-04-08 10:54:05,100,CRITICAL,Off-hours access (night)|Sensitive resource (medium)|High-risk action: admin_operation|Unapproved resource: Data_Lake|User privilege doing admin action,1,Support,Specialist,user,2023-07-28,12,True
USR00011,maria.o'brien,login,Data_Lake,medium,success,business_hours,2026-04-08 10:54:06,32,LOW,Sensitive resource (medium)|Unapproved resource: Data_Lake,0,Security,Administrator,user,2025-09-10,16,True
USR00019,joshua.white,login,BI_Tool,low,success,unusual_hours,2026-04-08 10:54:06,42,MEDIUM,Off-hours access (unusual_hours)|Unapproved resource: BI_Tool,1,Finance,Coordinator,user,2024-06-20,2,True
USR00098,jason.white,file_access,Customer_Vault,high,success,business_hours,2026-04-09 10:54:05,70,HIGH,Sensitive resource (high)|Unapproved resource: Customer_Vault|Account inactive 52 days,1,Compliance,Lead,power-user,2023-04-03,52,True
USR00075,timothy.huang,admin_operation,Admin_Console,medium,success,business_hours,2026-04-09 10:54:05,80,HIGH,Sensitive resource (medium)|High-risk action: admin_operation|Unapproved resource: Admin_Console|User privilege doing admin action,1,Sales,Manager,user,2023-12-15,21,True
USR00017,diya.schulz,export_data,SIEM,medium,success,unusual_hours,2026-04-09 10:54:06,95,CRITICAL,Off-hours access (unusual_hours)|Sensitive resource (medium)|High-risk action: export_data|Unapproved resource: SIEM|Account inactive 46 days,1,Executive,Manager,power-user,2025-04-02,46,True
USR00009,aditya.burke,login,PROD_DB,high,success,night,2026-04-09 10:54:06,67,HIGH,Off-hours access (night)|Sensitive resource (high)|Unapproved resource: PROD_DB,1,Finance,Architect,power-user,2024-02-27,23,True
USR00092,charles.sullivan,file_access,GL_System,high,success,business_hours,2026-04-09 10:54:06,50,MEDIUM,Sensitive resource (high)|Unapproved resource: GL_System,1,IT,Executive,user,2025-12-05,28,True
USR00053,timothy.jo,api_call,HRIS,high,success,unusual_hours,2026-04-09 10:54:06,73,HIGH,Off-hours access (unusual_hours)|Sensitive resource (high)|Unapproved resource: HRIS,1,Engineering,Engineer,user,2025-09-20,11,True
USR00092,charles.sullivan,export_data,Data_Lake,medium,success,business_hours,2026-04-09 10:54:06,55,MEDIUM,Sensitive resource (medium)|High-risk action: export_data|Unapproved resource: Data_Lake,1,IT,Executive,user,2025-12-05,28,True
USR00019,joshua.white,sql_query,Email_Archive,medium,failure,business_hours,2026-04-10 10:54:05,50,MEDIUM,Sensitive resource (medium)|Unapproved resource: Email_Archive|Access attempt FAILED,1,Finance,Coordinator,user,2024-06-20,2,True
USR00041,matthew.huang,login,File_Share,low,success,business_hours,2026-04-10 10:54:05,22,LOW,Unapproved resource: File_Share,0,Operations,Lead,power-user,2025-10-08,7,True
USR00096,edward.thomas,file_access,BI_Tool,low,success,business_hours,2026-04-10 10:54:05,25,LOW,Unapproved resource: BI_Tool,0,Operations,Officer,service-account,2023-04-08,24,True
USR00041,matthew.huang,file_access,Data_Lake,medium,success,weekend,2026-04-10 10:54:05,35,LOW,Sensitive resource (medium)|Unapproved resource: Data_Lake,0,Operations,Lead,power-user,2025-10-08,7,True
USR00031,amitabh.taylor,export_data,File_Share,low,success,business_hours,2026-04-10 10:54:05,45,MEDIUM,High-risk action: export_data|Unapproved resource: File_Share,1,Finance,Director,power-user,2024-01-24,30,True
USR00047,george.clark,api_call,PROD_DB,high,success,night,2026-04-10 10:54:06,93,CRITICAL,Off-hours access (night)|Sensitive resource (high)|Unapproved resource: PROD_DB|Account inactive 55 days,1,Engineering,Lead,power-user,2024-04-12,55,True
USR00020,karan.white,export_data,Admin_Console,medium,success,unusual_hours,2026-04-10 10:54:06,75,HIGH,Off-hours access (unusual_hours)|Sensitive resource (medium)|High-risk action: export_data|Unapproved resource: Admin_Console,1,IT,Specialist,user,2023-12-14,25,True
USR00090,neha.o'brien,file_access,Customer_Vault,high,success,weekend,2026-04-10 10:54:06,70,HIGH,Sensitive resource (high)|Unapproved resource: Customer_Vault|Account inactive 57 days,1,Finance,Officer,admin,2024-07-03,57,True
USR00026,stephen.bhat,admin_operation,Data_Lake,medium,success,business_hours,2026-04-10 10:54:06,100,CRITICAL,Sensitive resource (medium)|High-risk action: admin_operation|Unapproved resource: Data_Lake|User privilege doing admin action|Account inactive 33 days,1,Finance,Director,user,2022-12-14,33,True
USR00090,neha.o'brien,export_data,SIEM,medium,success,weekend,2026-04-10 10:54:06,75,HIGH,Sensitive resource (medium)|High-risk action: export_data|Unapproved resource: SIEM|Account inactive 57 days,1,Finance,Officer,admin,2024-07-03,57,True
USR00070,jeffrey.chen,export_data,File_Share,low,success,unusual_hours,2026-04-11 10:54:05,65,HIGH,Off-hours access (unusual_hours)|High-risk action: export_data|Unapproved resource: File_Share,1,IT,Administrator,power-user,2024-02-02,19,True
USR00073,joshua.becker,file_access,PROD_DB,high,success,business_hours,2026-04-11 10:54:05,50,MEDIUM,Sensitive resource (high)|Unapproved resource: PROD_DB,1,Security,Engineer,user,2025-02-03,20,True
USR00002,kenneth.moore,file_access,GL_System,high,success,unusual_hours,2026-04-11 10:54:05,70,HIGH,Off-hours access (unusual_hours)|Sensitive resource (high)|Unapproved resource: GL_System,1,Sales,Architect,service-account,2025-12-07,13,True
USR00093,nadia.muller,export_data,Admin_Console,medium,success,business_hours,2026-04-11 10:54:05,75,HIGH,Sensitive resource (medium)|High-risk action: export_data|Unapproved resource: Admin_Console|Account inactive 46 days,1,Sales,Director,user,2024-02-07,46,True
USR00099,maria.bianchi,login,GL_System,high,success,night,2026-04-11 10:54:06,87,CRITICAL,Off-hours access (night)|Sensitive resource (high)|Unapproved resource: GL_System|Account inactive 40 days,1,Marketing,Officer,service-account,2025-10-01,40,True
USR00094,donald.schulz,api_call,Customer_Vault,high,success,business_hours,2026-04-11 10:54:06,53,MEDIUM,Sensitive resource (high)|Unapproved resource: Customer_Vault,1,Sales,Officer,user,2024-01-04,28,True
USR00091,steven.thompson,file_access,BI_Tool,low,success,unusual_hours,2026-04-12 10:54:05,45,MEDIUM,Off-hours access (unusual_hours)|Unapproved resource: BI_Tool,1,Support,Lead,power-user,2023-02-06,26,True
USR00047,george.clark,api_call,HRIS,high,success,business_hours,2026-04-12 10:54:05,73,HIGH,Sensitive resource (high)|Unapproved resource: HRIS|Account inactive 55 days,1,Engineering,Lead,power-user,2024-04-12,55,True
USR00001,daniel.singh,api_call,GL_System,high,success,business_hours,2026-04-12 10:54:05,53,MEDIUM,Sensitive resource (high)|Unapproved resource: GL_System,1,Compliance,Lead,user,2024-04-04,20,True
USR00014,david.thomas,export_data,Email_Archive,medium,success,business_hours,2026-04-12 10:54:05,55,MEDIUM,Sensitive resource (medium)|High-risk action: export_data|Unapproved resource: Email_Archive,1,Support,Architect,user,2025-06-17,2,True
USR00079,varun.weber,api_call,PROD_DB,high,success,business_hours,2026-04-12 10:54:05,73,HIGH,Sensitive resource (high)|Unapproved resource: PROD_DB|Account inactive 52 days,1,Engineering,Engineer,user,2025-02-10,52,True
USR00053,timothy.jo,api_call,Data_Lake,medium,success,business_hours,2026-04-12 10:54:06,38,LOW,Sensitive resource (medium)|Unapproved resource: Data_Lake,0,Engineering,Engineer,user,2025-09-20,11,True
USR00018,meera.burke,admin_operation,GL_System,high,failure,business_hours,2026-04-12 10:54:06,100,CRITICAL,Sensitive resource (high)|High-risk action: admin_operation|Unapproved resource: GL_System|Access attempt FAILED|Account inactive 59 days,1,Operations,Executive,power-user,2025-10-04,59,True
USR00034,harsh.jones,file_access,File_Share,low,success,unusual_hours,2026-04-12 10:54:06,65,HIGH,Off-hours access (unusual_hours)|Unapproved resource: File_Share|Account inactive 43 days,1,Operations,Specialist,service-account,2024-10-23,43,True
USR00026,stephen.bhat,file_access,HRIS,high,success,business_hours,2026-04-12 10:54:06,70,HIGH,Sensitive resource (high)|Unapproved resource: HRIS|Account inactive 33 days,1,Finance,Director,user,2022-12-14,33,True
USR00063,daniel.colombo,export_data,Data_Lake,medium,success,weekend,2026-04-12 10:54:06,75,HIGH,Sensitive resource (medium)|High-risk action: export_data|Unapproved resource: Data_Lake|Account inactive 52 days,1,Sales,Specialist,power-user,2025-03-04,52,True
USR00059,thomas.lewis,sql_query,Data_Lake,medium,success,weekend,2026-04-12 10:54:06,55,MEDIUM,Sensitive resource (medium)|Unapproved resource: Data_Lake|Account inactive 58 days,1,Finance,Director,power-user,2024-08-12,58,True
USR00085,varun.rao,file_access,BI_Tool,low,success,unusual_hours,2026-04-13 10:54:05,65,HIGH,Off-hours access (unusual_hours)|Unapproved resource: BI_Tool|Account inactive 44 days,1,Marketing,Developer,user,2022-07-24,44,True
USR00055,neha.johnson,api_call,Email_Archive,medium,success,business_hours,2026-04-13 10:54:05,58,MEDIUM,Sensitive resource (medium)|Unapproved resource: Email_Archive|Account inactive 49 days,1,Sales,Analyst,user,2025-05-20,49,True
USR00037,ronald.wilson,export_data,PROD_DB,high,success,business_hours,2026-04-13 10:54:05,70,HIGH,Sensitive resource (high)|High-risk action: export_data|Unapproved resource: PROD_DB,1,Finance,Coordinator,power-user,2024-03-06,25,True
USR00055,neha.johnson,api_call,SIEM,medium,success,business_hours,2026-04-13 10:54:05,58,MEDIUM,Sensitive resource (medium)|Unapproved resource: SIEM|Account inactive 49 days,1,Sales,Analyst,user,2025-05-20,49,True
USR00089,isha.chen,file_access,GL_System,high,success,unusual_hours,2026-04-13 10:54:05,70,HIGH,Off-hours access (unusual_hours)|Sensitive resource (high)|Unapproved resource: GL_System,1,Compliance,Coordinator,service-account,2025-06-09,18,True
USR00041,matthew.huang,export_data,Admin_Console,medium,success,weekend,2026-04-13 10:54:05,55,MEDIUM,Sensitive resource (medium)|High-risk action: export_data|Unapproved resource: Admin_Console,1,Operations,Lead,power-user,2025-10-08,7,True
USR00037,ronald.wilson,admin_operation,PROD_DB,high,success,business_hours,2026-04-13 10:54:05,65,HIGH,Sensitive resource (high)|High-risk action: admin_operation|Unapproved resource: PROD_DB,1,Finance,Coordinator,power-user,2024-03-06,25,True
USR00082,arjun.hwang,admin_operation,File_Share,low,success,business_hours,2026-04-13 10:54:05,60,MEDIUM,High-risk action: admin_operation|Unapproved resource: File_Share|Account inactive 52 days,1,Legal,Manager,admin,2024-09-21,52,True
USR00066,ronald.martin,export_data,Data_Lake,medium,success,night,2026-04-13 10:54:05,75,HIGH,Off-hours access (night)|Sensitive resource (medium)|High-risk action: export_data|Unapproved resource: Data_Lake,1,Security,Specialist,user,2025-12-10,29,True
USR00097,leila.lopez,admin_operation,Customer_Vault,high,success,business_hours,2026-04-13 10:54:05,100,CRITICAL,Sensitive resource (high)|High-risk action: admin_operation|Unapproved resource: Customer_Vault|User privilege doing admin action|Account inactive 43 days,1,IT,Executive,user,2025-01-27,43,True
USR00016,elena.dubois,admin_operation,PROD_DB,high,success,weekend,2026-04-13 10:54:05,100,CRITICAL,Sensitive resource (high)|High-risk action: admin_operation|Unapproved resource: PROD_DB|User privilege doing admin action|Account inactive 32 days,1,IT,Specialist,user,2024-12-06,32,True
USR00063,daniel.colombo,login,PROD_DB,high,success,weekend,2026-04-13 10:54:06,67,HIGH,Sensitive resource (high)|Unapproved resource: PROD_DB|Account inactive 52 days,1,Sales,Specialist,power-user,2025-03-04,52,True
USR00092,charles.sullivan,sql_query,PROD_DB,high,success,night,2026-04-13 10:54:06,70,HIGH,Off-hours access (night)|Sensitive resource (high)|Unapproved resource: PROD_DB,1,IT,Executive,user,2025-12-05,28,True
USR00028,paul.singh,export_data,Data_Lake,medium,success,business_hours,2026-04-13 10:54:06,55,MEDIUM,Sensitive resource (medium)|High-risk action: export_data|Unapproved resource: Data_Lake,1,HR,Officer,admin,2023-11-27,28,True
USR00024,nicholas.jackson,login,Admin_Console,medium,success,business_hours,2026-04-14 10:54:05,52,MEDIUM,Sensitive resource (medium)|Unapproved resource: Admin_Console|Account inactive 31 days,1,Compliance,Lead,user,2023-11-01,31,True
USR00052,leila.sun,sql_query,PROD_DB,high,success,business_hours,2026-04-14 10:54:05,70,HIGH,Sensitive resource (high)|Unapproved resource: PROD_DB|Account inactive 53 days,1,Engineering,Administrator,user,2024-04-05,53,True
USR00099,maria.bianchi,login,Data_Lake,medium,success,night,2026-04-14 10:54:05,72,HIGH,Off-hours access (night)|Sensitive resource (medium)|Unapproved resource: Data_Lake|Account inactive 40 days,1,Marketing,Officer,service-account,2025-10-01,40,True
USR00058,anthony.taylor,login,BI_Tool,low,success,business_hours,2026-04-14 10:54:05,42,MEDIUM,Unapproved resource: BI_Tool|Account inactive 51 days,1,Finance,Administrator,user,2024-07-06,51,True
USR00083,ryan.thomas,export_data,BI_Tool,low,success,business_hours,2026-04-14 10:54:05,45,MEDIUM,High-risk action: export_data|Unapproved resource: BI_Tool,1,Marketing,Executive,service-account,2025-02-21,17,True
USR00067,donald.wang,file_access,File_Share,low,success,business_hours,2026-04-14 10:54:06,45,MEDIUM,Unapproved resource: File_Share|Account inactive 54 days,1,Marketing,Manager,user,2023-07-01,54,True
USR00051,meera.quinn,file_access,SIEM,medium,success,business_hours,2026-04-14 10:54:06,35,LOW,Sensitive resource (medium)|Unapproved resource: SIEM,0,Executive,Developer,user,2025-01-26,30,True
USR00037,ronald.wilson,file_access,Email_Archive,medium,success,business_hours,2026-04-14 10:54:06,35,LOW,Sensitive resource (medium)|Unapproved resource: Email_Archive,0,Finance,Coordinator,power-user,2024-03-06,25,True
USR00035,nikhil.rao,export_data,Data_Lake,medium,success,business_hours,2026-04-14 10:54:06,75,HIGH,Sensitive resource (medium)|High-risk action: export_data|Unapproved resource: Data_Lake|Account inactive 56 days,1,Executive,Lead,admin,2025-07-05,56,True
USR00019,joshua.white,export_data,SIEM,medium,success,business_hours,2026-04-15 10:54:05,55,MEDIUM,Sensitive resource (medium)|High-risk action: export_data|Unapproved resource: SIEM,1,Finance,Coordinator,user,2024-06-20,2,True
USR00011,maria.o'brien,login,SIEM,medium,success,business_hours,2026-04-15 10:54:05,12,LOW,Sensitive resource (medium),0,Security,Administrator,user,2025-09-10,16,True
USR00075,timothy.huang,login,File_Share,low,success,night,2026-04-15 10:54:05,42,MEDIUM,Off-hours access (night)|Unapproved resource: File_Share,1,Sales,Manager,user,2023-12-15,21,True
USR00040,nicholas.romano,admin_operation,SIEM,medium,success,night,2026-04-15 10:54:05,90,CRITICAL,Off-hours access (night)|Sensitive resource (medium)|High-risk action: admin_operation|Unapproved resource: SIEM|Account inactive 52 days,1,Security,Officer,power-user,2023-12-02,52,True
USR00049,thomas.kang,sql_query,Customer_Vault,high,success,business_hours,2026-04-15 10:54:05,50,MEDIUM,Sensitive resource (high)|Unapproved resource: Customer_Vault,1,Engineering,Administrator,user,2022-08-24,24,True
USR00094,donald.schulz,admin_operation,GL_System,high,success,business_hours,2026-04-15 10:54:06,95,CRITICAL,Sensitive resource (high)|High-risk action: admin_operation|Unapproved resource: GL_System|User privilege doing admin action,1,Sales,Officer,user,2024-01-04,28,True
USR00049,thomas.kang,login,PROD_DB,high,success,unusual_hours,2026-04-15 10:54:06,67,HIGH,Off-hours access (unusual_hours)|Sensitive resource (high)|Unapproved resource: PROD_DB,1,Engineering,Administrator,user,2022-08-24,24,True
USR00076,stephen.guo,export_data,SIEM,medium,success,unusual_hours,2026-04-15 10:54:06,75,HIGH,Off-hours access (unusual_hours)|Sensitive resource (medium)|High-risk action: export_data|Unapproved resource: SIEM,1,Finance,Lead,user,2025-10-30,8,True
USR00055,neha.johnson,file_access,PROD_DB,high,success,night,2026-04-15 10:54:06,90,CRITICAL,Off-hours access (night)|Sensitive resource (high)|Unapproved resource: PROD_DB|Account inactive 49 days,1,Sales,Analyst,user,2025-05-20,49,True
USR00036,nicholas.harris,admin_operation,PROD_DB,high,success,unusual_hours,2026-04-16 10:54:05,100,CRITICAL,Off-hours access (unusual_hours)|Sensitive resource (high)|High-risk action: admin_operation|Unapproved resource: PROD_DB|User privilege doing admin action|Account inactive 40 days,1,Marketing,Analyst,user,2025-11-25,40,True
USR00089,isha.chen,export_data,PROD_DB,high,success,business_hours,2026-04-16 10:54:05,70,HIGH,Sensitive resource (high)|High-risk action: export_data|Unapproved resource: PROD_DB,1,Compliance,Coordinator,service-account,2025-06-09,18,True
USR00051,meera.quinn,admin_operation,HRIS,high,success,business_hours,2026-04-16 10:54:05,95,CRITICAL,Sensitive resource (high)|High-risk action: admin_operation|Unapproved resource: HRIS|User privilege doing admin action,1,Executive,Developer,user,2025-01-26,30,True
USR00013,jonathan.jackson,admin_operation,GL_System,high,success,business_hours,2026-04-16 10:54:05,100,CRITICAL,Sensitive resource (high)|High-risk action: admin_operation|Unapproved resource: GL_System|User privilege doing admin action|Account inactive 34 days,1,Sales,Administrator,user,2022-05-30,34,True
USR00072,amitabh.park,api_call,SIEM,medium,success,business_hours,2026-04-16 10:54:06,58,MEDIUM,Sensitive resource (medium)|Unapproved resource: SIEM|Account inactive 44 days,1,Legal,Analyst,user,2025-12-13,44,True
USR00060,vikram.gonzalez,sql_query,HRIS,high,success,business_hours,2026-04-16 10:54:06,50,MEDIUM,Sensitive resource (high)|Unapproved resource: HRIS,1,Sales,Developer,power-user,2022-06-14,4,True
USR00006,kevin.ramirez,file_access,GL_System,high,success,night,2026-04-16 10:54:06,90,CRITICAL,Off-hours access (night)|Sensitive resource (high)|Unapproved resource: GL_System|Account inactive 46 days,1,Legal,Architect,power-user,2024-05-08,46,True
USR00046,deepika.li,sql_query,SIEM,medium,success,business_hours,2026-04-16 10:54:06,55,MEDIUM,Sensitive resource (medium)|Unapproved resource: SIEM|Account inactive 48 days,1,Support,Manager,user,2024-07-14,48,True
USR00051,meera.quinn,admin_operation,Data_Lake,medium,success,unusual_hours,2026-04-16 10:54:06,100,CRITICAL,Off-hours access (unusual_hours)|Sensitive resource (medium)|High-risk action: admin_operation|Unapproved resource: Data_Lake|User privilege doing admin action,1,Executive,Developer,user,2025-01-26,30,True
USR00053,timothy.jo,api_call,PROD_DB,high,success,business_hours,2026-04-16 10:54:06,33,LOW,Sensitive resource (high),0,Engineering,Engineer,user,2025-09-20,11,True
USR00045,stephen.kumar,sql_query,PROD_DB,high,success,business_hours,2026-04-17 10:54:05,50,MEDIUM,Sensitive resource (high)|Unapproved resource: PROD_DB,1,Security,Coordinator,user,2022-09-10,26,True
USR00050,nisha.martinez,sql_query,GL_System,high,success,business_hours,2026-04-17 10:54:05,50,MEDIUM,Sensitive resource (high)|Unapproved resource: GL_System,1,HR,Architect,user,2024-02-19,25,True
USR00040,nicholas.romano,api_call,Data_Lake,medium,success,night,2026-04-17 10:54:05,78,HIGH,Off-hours access (night)|Sensitive resource (medium)|Unapproved resource: Data_Lake|Account inactive 52 days,1,Security,Officer,power-user,2023-12-02,52,True
USR00026,stephen.bhat,admin_operation,Customer_Vault,high,success,unusual_hours,2026-04-17 10:54:05,100,CRITICAL,Off-hours access (unusual_hours)|Sensitive resource (high)|High-risk action: admin_operation|Unapproved resource: Customer_Vault|User privilege doing admin action|Account inactive 33 days,1,Finance,Director,user,2022-12-14,33,True
USR00046,deepika.li,api_call,Customer_Vault,high,success,weekend,2026-04-17 10:54:05,73,HIGH,Sensitive resource (high)|Unapproved resource: Customer_Vault|Account inactive 48 days,1,Support,Manager,user,2024-07-14,48,True
USR00015,sophia.white,sql_query,Email_Archive,medium,failure,business_hours,2026-04-17 10:54:06,50,MEDIUM,Sensitive resource (medium)|Unapproved resource: Email_Archive|Access attempt FAILED,1,Security,Developer,admin,2025-10-04,24,True
USR00096,edward.thomas,admin_operation,Data_Lake,medium,success,business_hours,2026-04-17 10:54:06,50,MEDIUM,Sensitive resource (medium)|High-risk action: admin_operation|Unapproved resource: Data_Lake,1,Operations,Officer,service-account,2023-04-08,24,True
USR00006,kevin.ramirez,file_access,PROD_DB,high,success,business_hours,2026-04-17 10:54:06,70,HIGH,Sensitive resource (high)|Unapproved resource: PROD_DB|Account inactive 46 days,1,Legal,Architect,power-user,2024-05-08,46,True
USR00056,william.kumar,file_access,Data_Lake,medium,success,business_hours,2026-04-17 10:54:06,55,MEDIUM,Sensitive resource (medium)|Unapproved resource: Data_Lake|Account inactive 58 days,1,Compliance,Manager,user,2023-09-13,58,True
USR00027,pooja.sullivan,api_call,Customer_Vault,high,failure,business_hours,2026-04-17 10:54:06,88,CRITICAL,Sensitive resource (high)|Unapproved resource: Customer_Vault|Access attempt FAILED|Account inactive 34 days,1,Support,Lead,admin,2024-02-21,34,True
USR00077,neha.taylor,api_call,Data_Lake,medium,success,unusual_hours,2026-04-18 10:54:05,58,MEDIUM,Off-hours access (unusual_hours)|Sensitive resource (medium)|Unapproved resource: Data_Lake,1,Finance,Architect,power-user,2023-08-29,11,True
USR00011,maria.o'brien,admin_operation,Admin_Console,medium,success,business_hours,2026-04-18 10:54:05,80,HIGH,Sensitive resource (medium)|High-risk action: admin_operation|Unapproved resource: Admin_Console|User privilege doing admin action,1,Security,Administrator,user,2025-09-10,16,True
USR00098,jason.white,api_call,BI_Tool,low,success,unusual_hours,2026-04-18 10:54:05,68,HIGH,Off-hours access (unusual_hours)|Unapproved resource: BI_Tool|Account inactive 52 days,1,Compliance,Lead,power-user,2023-04-03,52,True
USR00040,nicholas.romano,api_call,HRIS,high,success,night,2026-04-18 10:54:05,93,CRITICAL,Off-hours access (night)|Sensitive resource (high)|Unapproved resource: HRIS|Account inactive 52 days,1,Security,Officer,power-user,2023-12-02,52,True
USR00004,diya.anderson,file_access,PROD_DB,high,success,business_hours,2026-04-18 10:54:06,50,MEDIUM,Sensitive resource (high)|Unapproved resource: PROD_DB,1,Marketing,Administrator,user,2022-10-18,14,True
USR00013,jonathan.jackson,admin_operation,Admin_Console,medium,success,business_hours,2026-04-18 10:54:06,100,CRITICAL,Sensitive resource (medium)|High-risk action: admin_operation|Unapproved resource: Admin_Console|User privilege doing admin action|Account inactive 34 days,1,Sales,Administrator,user,2022-05-30,34,True
USR00047,george.clark,sql_query,PROD_DB,high,success,business_hours,2026-04-19 10:54:05,70,HIGH,Sensitive resource (high)|Unapproved resource: PROD_DB|Account inactive 55 days,1,Engineering,Lead,power-user,2024-04-12,55,True
USR00076,stephen.guo,admin_operation,HRIS,high,success,unusual_hours,2026-04-19 10:54:05,100,CRITICAL,Off-hours access (unusual_hours)|Sensitive resource (high)|High-risk action: admin_operation|Unapproved resource: HRIS|User privilege doing admin action,1,Finance,Lead,user,2025-10-30,8,True
USR00088,william.jang,admin_operation,SIEM,medium,success,weekend,2026-04-19 10:54:06,70,HIGH,Sensitive resource (medium)|High-risk action: admin_operation|Unapproved resource: SIEM|Account inactive 36 days,1,Engineering,Engineer,admin,2024-10-14,36,True
USR00026,stephen.bhat,file_access,BI_Tool,low,success,weekend,2026-04-19 10:54:06,45,MEDIUM,Unapproved resource: BI_Tool|Account inactive 33 days,1,Finance,Director,user,2022-12-14,33,True
USR00028,paul.singh,file_access,Email_Archive,medium,success,business_hours,2026-04-20 10:54:05,35,LOW,Sensitive resource (medium)|Unapproved resource: Email_Archive,0,HR,Officer,admin,2023-11-27,28,True
USR00090,neha.o'brien,export_data,SIEM,medium,success,business_hours,2026-04-20 10:54:05,75,HIGH,Sensitive resource (medium)|High-risk action: export_data|Unapproved resource: SIEM|Account inactive 57 days,1,Finance,Officer,admin,2024-07-03,57,True
USR00070,jeffrey.chen,sql_query,Admin_Console,medium,success,business_hours,2026-04-20 10:54:06,35,LOW,Sensitive resource (medium)|Unapproved resource: Admin_Console,0,IT,Administrator,power-user,2024-02-02,19,True
USR00009,aditya.burke,export_data,Email_Archive,medium,success,business_hours,2026-04-20 10:54:06,55,MEDIUM,Sensitive resource (medium)|High-risk action: export_data|Unapproved resource: Email_Archive,1,Finance,Architect,power-user,2024-02-27,23,True
USR00031,amitabh.taylor,sql_query,GL_System,high,success,business_hours,2026-04-20 10:54:06,50,MEDIUM,Sensitive resource (high)|Unapproved resource: GL_System,1,Finance,Director,power-user,2024-01-24,30,True
USR00039,stephen.bhat,login,BI_Tool,low,success,business_hours,2026-04-20 10:54:06,22,LOW,Unapproved resource: BI_Tool,0,Engineering,Engineer,user,2023-09-11,25,True
USR00081,isha.ghosh,admin_operation,Admin_Console,medium,success,business_hours,2026-04-20 10:54:06,70,HIGH,Sensitive resource (medium)|High-risk action: admin_operation|Unapproved resource: Admin_Console|Account inactive 44 days,1,IT,Manager,power-user,2025-12-26,44,True
USR00049,thomas.kang,export_data,HRIS,high,success,business_hours,2026-04-20 10:54:06,70,HIGH,Sensitive resource (high)|High-risk action: export_data|Unapproved resource: HRIS,1,Engineering,Administrator,user,2022-08-24,24,True
USR00029,zainab.wagner,api_call,SIEM,medium,success,weekend,2026-04-20 10:54:06,58,MEDIUM,Sensitive resource (medium)|Unapproved resource: SIEM|Account inactive 35 days,1,Support,Engineer,user,2023-12-12,35,True
